Date,Pressure 300 UTC,Pressure 1200 UTC ,Humidity 300UTC,Humidity 1200UTC,Max Temp,Min Temp,Precipitation,Wind Direction 300 UTC Degree,WD 1200 UTC,Wind Speed 300 UTC,Wind Speed 1200utc,heat event
01/03/2018,988.1,985.8,68,50,29.5,17.8,0,W,N,4,6,0
02/03/2018,986,983.4,80,47,26,16,0.2,NE,NE,4,4,0
03/03/2018,983.9,983.6,77,80,29,16.5,0,C,C,0,0,0
04/03/2018,985.3,984.9,83,47,22.5,13.5,1.9,C,NW,0,4,0
05/03/2018,989.1,988,79,42,26.5,14,0,C,SW,0,2,0
06/03/2018,990,988.3,75,33,27.5,15,0,C,SW,0,4,0
07/03/2018,987.9,986.7,71,33,28.4,16.6,0,C,W,0,4,0
08/03/2018,990.2,987.2,71,43,29.3,16.5,0,C,N,0,4,0
09/03/2018,989.9,988.7,66,39,30.6,16.5,0,C,N,0,2,0
10/03/2018,989.1,987,63,42,29.5,16.8,0,C,NW,0,8,0
11/03/2018,986.8,985.4,72,39,29.3,18.5,0,C,NW,0,4,0
12/03/2018,987.5,985.5,77,50,30.6,18,0,C,W,0,2,0
13/03/2018,985.8,982.4,77,43,31,19,0,C,E,0,2,0
14/03/2018,983.3,980.5,56,46,33,19.4,0,NE,SW,4,8,0
15/03/2018,984.2,983.5,72,49,31.5,18.4,1.3,C,NE,0,4,0
16/03/2018,986.2,984.8,62,31,31,16.5,0,C,W,0,4,0
17/03/2018,986.6,985.3,62,31,30,17,0,C,NW,0,6,0
18/03/2018,987.8,986.6,63,30,30.2,17,0,C,NW,0,4,0
19/03/2018,989.9,988.2,64,36,31,17.5,0,C,NW,0,4,0
20/03/2018,987.3,984.4,65,45,31.2,19.6,0,C,NW,0,4,0
21/03/2018,987,984.8,85,75,27,16,9.1,SW,NW,6,4,0
22/03/2018,987,984.7,75,49,23.5,14,6.7,N,NW,4,4,0
23/03/2018,986.3,984.8,71,40,27,16.3,0,C,NW,0,4,0
24/03/2018,988.9,988.3,65,38,30,17.8,0,C,SW,0,8,0
25/03/2018,990.4,988.2,65,37,31.3,19.4,0,C,NW,0,6,0
26/03/2018,989,985.1,62,32,32.2,20.2,0,C,SW,0,2,0
27/03/2018,984.5,982.3,66,27,33.7,19.6,0,C,C,0,0,1
28/03/2018,984.4,983.7,67,20,34,21,0,N,W,2,8,1
29/03/2018,983.5,980.4,50,19,34.5,22.5,0,W,SW,4,4,1
30/03/2018,980.6,978.9,27,26,35.4,21,0,C,SW,0,2,1
31/03/2018,981.5,981.1,51,44,36.5,19.6,0,C,NE,0,4,1
01/04/2018,985.8,983.1,59,39,33.2,21,0,SE,SE,2,4,1
02/04/2018,985.4,983.7,60,43,33.4,21.7,0,C,C,0,0,1
03/04/2018,985.7,982.5,65,41,33.6,23.5,0,C,N,0,2,1
04/04/2018,983.8,979.9,60,32,33.2,22.5,0,C,W,0,2,1
05/04/2018,982,978.7,57,31,35.9,23,0,C,SW,0,4,1
06/04/2018,982.7,979.9,61,28,34.8,23.5,0,C,NW,0,4,1
07/04/2018,985.9,982.1,53,32,35.5,22,0,C,C,0,0,1
08/04/2018,984.8,982.6,64,42,35.6,22.7,0,SE,NE,2,4,1
09/04/2018,986.6,984,70,49,34.6,20.2,0,S,N,4,2,1
10/04/2018,985.5,981.7,72,45,33.6,21.8,0,C,N,0,6,1
11/04/2018,986.6,982.3,77,42,31.6,18.5,1.2,N,NE,6,4,0
12/04/2018,984.6,982.7,67,24,31,19.9,0,SE,C,2,0,0
13/04/2018,985.7,983.7,36,29,33.2,18.5,0,C,NW,0,2,1
14/04/2018,984.2,981.5,51,27,33.6,21.8,0,C,SW,0,2,1
15/04/2018,983.8,980.6,53,26,35.6,22.8,0,C,N,0,2,1
16/04/2018,986.1,983.1,63,38,37.2,22.2,0.2,NW,NE,6,8,1
17/04/2018,986.7,984.9,53,27,34,21.4,0.4,NE,NW,4,2,1
18/04/2018,986.3,982.3,47,29,35,23.5,0,N,NW,4,4,1
19/04/2018,981.2,977.4,54,27,36.2,24.5,0,C,N,0,2,1
20/04/2018,977.1,979.8,62,32,36,20.4,1.1,NW,SW,6,6,1
21/04/2018,986.9,984.4,67,31,26,16.5,0,W,W,6,10,0
22/04/2018,985.6,983.6,51,17,31.4,18.2,0,SW,W,4,4,0
23/04/2018,984.9,981.4,43,16,33.8,21.5,0,C,SW,0,6,1
24/04/2018,982.6,979.4,45,16,37.2,21.4,0,C,NW,0,2,1
25/04/2018,980.5,976.8,42,18,39.5,23.4,0,C,C,0,0,1
26/04/2018,980,976.8,31,16,41.2,25,0,C,NW,0,6,1
27/04/2018,979.7,978.7,31,26,41.4,26.2,0,C,N,0,2,1
28/04/2018,981.9,978.8,51,25,40.5,26.3,0,N,C,4,0,1
29/04/2018,980.2,975.5,48,24,40.5,25.8,0,C,W,0,6,1
30/04/2018,976.5,974.4,46,20,40,25.3,0,C,C,0,0,1
01/05/2018,979.7,976.6,50,27,41.2,27.5,0,SE,W,4,2,1
02/05/2018,979.6,978.7,48,35,40.4,28.6,0,NW,N,6,6,1
03/05/2018,982,980.8,55,31,36.8,23.8,1.4,C,E,0,2,1
04/05/2018,983.5,979.9,60,34,36.4,25.5,0,SE,C,2,0,1
05/05/2018,982.5,980.6,40,23,37.6,26,0,C,N,0,6,1
06/05/2018,983.2,982,68,42,38.5,22.5,1.4,C,NE,0,4,1
07/05/2018,983.1,980.8,59,42,30.6,21,3,NE,NW,8,2,0
08/05/2018,981.2,978.9,66,39,34.5,21.5,1.4,C,NE,0,2,1
09/05/2018,982.4,981.4,55,27,34.5,22,0,C,SW,0,2,1
10/05/2018,984.3,982.1,50,24,36.2,23.2,0,C,W,0,4,1
11/05/2018,981.2,977.3,50,27,38.8,25,0,C,C,0,0,1
12/05/2018,979.9,978,20,28,40.5,29.2,0,NE,N,10,4,1
13/05/2018,982.1,978.2,43,26,42.3,25.5,0.2,C,NW,0,8,1
14/05/2018,980.9,978.6,56,33,39,25.8,0,C,SE,0,2,1
15/05/2018,982.4,978.1,46,26,36.3,25.7,0,SE,C,2,0,1
16/05/2018,980.4,977.2,53,29,37.2,25,2,C,SW,0,4,1
17/05/2018,979.4,978.2,44,26,38,26.4,0,C,C,0,0,1
18/05/2018,980.1,976.8,46,22,37.2,27,0,C,NW,0,2,1
19/05/2018,979.5,978.7,33,25,39.3,25.5,0,N,C,6,0,1
20/05/2018,982.1,979.6,35,15,37,24.6,1.4,N,C,6,0,1
21/05/2018,982.1,980,36,16,39.8,26,0,C,W,0,4,1
22/05/2018,981.5,979.3,31,15,40.5,27.5,0,N,C,4,0,1
23/05/2018,980.9,977.5,28,13,41.5,27.6,0,C,NW,0,4,1
24/05/2018,979.4,976.6,18,14,42.2,26.6,0,C,NW,0,4,1
25/05/2018,979.2,976,29,15,42,26.3,0,C,W,0,6,1
26/05/2018,976.7,973.8,34,14,43,26.5,0,C,SW,0,2,1
27/05/2018,976.9,974.8,31,16,43.2,28.6,0,C,W,0,2,1
28/05/2018,976.1,971.7,29,14,43.2,27,0,C,W,0,4,1
29/05/2018,972.6,969.2,32,15,43.7,28.4,0,C,SE,0,4,1
30/05/2018,973.6,972.9,45,31,44,28.5,0,N,C,2,0,1
31/05/2018,976.5,973.8,57,24,41.5,28,0,E,SW,2,2,1
01/06/2018,978.4,975.3,52,23,43,28.4,0,SE,NE,2,14,1
02/06/2018,979.5,975.4,54,34,43.7,24,0,NE,C,4,0,1
03/06/2018,977.5,971.8,59,33,40,25.5,0,SE,C,4,0,1
04/06/2018,975.6,972.6,55,32,42,29.4,0,E,C,4,0,1
05/06/2018,978.6,974,56,36,42.3,32,0,SE,C,4,0,1
06/06/2018,981.1,977.3,77,55,42.2,22.5,18.8,C,N,0,2,1
07/06/2018,977,972.4,63,39,36,26.2,0,C,C,0,0,1
08/06/2018,972.7,968,54,34,39,30.5,0,C,C,0,0,1
09/06/2018,972.5,970.5,58,60,42.3,26,0,C,N,0,6,1
10/06/2018,973.7,969.2,72,41,32.8,24.5,3.1,C,W,0,2,0
11/06/2018,971.7,967.7,55,36,38.5,29,0,C,NW,0,4,1
12/06/2018,967.9,965.6,50,28,40,31,0,C,SW,0,4,1
13/06/2018,967.4,965.4,42,29,42.2,31.5,0,C,SW,0,4,1
14/06/2018,969.1,966.4,53,45,43.7,32.7,0,SW,S,4,10,1
15/06/2018,970.6,969,47,45,39,32,0,SE,C,6,0,1
16/06/2018,972.9,972.5,67,55,37,28,0,SE,E,6,10,1
17/06/2018,975.3,974.8,91,68,34.5,22,8.4,C,E,0,2,1
18/06/2018,976.6,974.7,81,58,29.5,22.8,0,SW,C,2,0,0
19/06/2018,975.9,973.6,71,34,33,26,0,C,W,0,2,0
20/06/2018,977.6,975.2,61,36,38,28.4,0,C,NE,0,4,1
21/06/2018,978.2,973.8,45,27,40.5,28,0,C,SW,0,4,1
22/06/2018,976.4,973,50,31,40.8,29.5,0,C,C,0,0,1
23/06/2018,977.6,973.5,60,32,40.2,26.2,1.9,SE,C,2,0,1
24/06/2018,975.4,971.6,50,27,39,27.8,0.2,C,NW,0,8,1
25/06/2018,973.6,968.1,52,27,41,31,0,SW,SW,4,2,1
26/06/2018,970.8,967.7,56,29,42,31.5,0,C,S,0,2,1
27/06/2018,974.1,975.5,76,65,41.4,20.8,29.3,C,SE,0,2,1
28/06/2018,977.7,976.5,88,81,31.8,25,2.8,C,N,0,4,0
29/06/2018,977.2,975.8,96,96,28.2,23.1,20.6,N,N,4,4,0
30/06/2018,977.7,974.7,92,76,28,23.8,30.5,N,N,2,6,0
01/07/2018,975.5,972,78,63,33.2,24.4,0,C,NW,0,4,1
02/07/2018,971.1,969.8,76,53,35.7,29,0,C,SE,0,4,1
03/07/2018,971.2,971.7,100,100,37.5,22.7,139,SE,NE,10,4,1
04/07/2018,972.3,972.9,96,70,24.5,21.4,102,SW,C,2,0,0
05/07/2018,974.8,973.5,84,66,28.3,22.5,0.6,C,C,0,0,0
06/07/2018,975.7,973,81,52,31.5,25.8,0,NW,C,6,0,0
07/07/2018,975,972.3,72,48,35.6,27.6,0,C,C,0,0,1
08/07/2018,974.2,970.6,69,47,37,28.8,0,SW,C,2,0,1
09/07/2018,972.7,970.5,67,41,38.5,30.4,0,C,C,0,0,1
10/07/2018,973,971,80,55,39.5,31.6,0,SE,C,2,0,1
11/07/2018,973.5,970.3,75,58,36.5,29.5,2.9,NE,C,10,0,1
12/07/2018,972.3,969.5,85,81,33.3,26,0,C,C,0,0,1
13/07/2018,972.9,972,85,67,35.7,24,10.8,E,NE,4,4,1
14/07/2018,973.8,970.2,81,57,32.2,25,9.2,C,C,0,0,0
15/07/2018,974.7,970.5,78,57,36,28.2,0,SE,N,2,4,1
16/07/2018,973.6,970.8,79,60,36,29,0,SE,NE,4,4,1
17/07/2018,974.5,972.3,78,76,35,28.4,0,C,C,0,0,1
18/07/2018,975.1,973.1,79,64,34.5,28.5,0.8,C,NE,0,6,1
19/07/2018,975.1,972.1,82,82,37,27.6,0.6,C,C,0,0,1
20/07/2018,973.9,971.7,89,88,35,24.3,38.3,C,SW,0,2,1
21/07/2018,973.7,970.8,88,62,34.2,25,9.6,C,C,0,0,1
22/07/2018,973.8,972.9,85,79,35,26.7,0,E,C,2,0,1
23/07/2018,974.6,972.7,85,85,32.2,28,3,C,SE,0,2,0
24/07/2018,975.4,973,85,63,34.6,28,3.7,C,C,0,0,1
25/07/2018,972.9,971.5,82,78,35.2,27.8,2.2,C,NE,0,4,1
26/07/2018,973.7,973,81,73,36.5,25.6,1.4,SE,SE,4,2,1
27/07/2018,973,972.1,92,67,33,22.6,15.6,C,C,0,0,0
28/07/2018,973.8,972.7,85,61,33.2,24.6,0,C,W,0,4,1
29/07/2018,974.6,972.9,78,61,34,24.5,0.9,C,SW,0,2,1
30/07/2018,974.4,971.8,81,60,34.2,24.5,1.1,SE,W,4,2,1
31/07/2018,972.7,970.4,75,53,36.3,28,0,E,C,4,0,1
01/08/2018,972,971.3,63,53,37,29.4,0,C,W,0,4,1
02/08/2018,973.6,972.8,79,58,37.4,29,0,C,SW,0,6,1
03/08/2018,974.8,972.9,67,47,37.5,30.2,0,C,SW,0,2,1
04/08/2018,973.7,972.6,72,51,37,29.5,0,SE,W,2,2,1
05/08/2018,973.1,971.4,66,51,37,29.5,0,SW,S,2,4,1
06/08/2018,973,971.9,75,70,37,28.7,0,SE,SE,2,6,1
07/08/2018,974.9,975.3,84,75,34,26,4.8,SE,NE,4,4,1
08/08/2018,976.8,975.1,77,67,30,25.5,0,C,W,0,2,0
09/08/2018,979.5,977.5,81,62,33.6,26.5,0,NE,C,4,0,1
10/08/2018,978.8,975.3,75,62,35.3,27.6,0,C,C,0,0,1
11/08/2018,973.5,970.4,76,58,35,28.6,0,C,NW,0,4,1
12/08/2018,970.3,969.3,69,67,37.2,29.5,0,C,SE,0,8,1
13/08/2018,971.5,971.8,74,64,36.4,27.8,1.3,C,N,0,2,1
14/08/2018,976.6,972.4,88,61,34.5,24.5,6.1,NW,C,16,0,1
15/08/2018,975.7,974.1,81,62,33.2,24.5,1,C,C,0,0,1
16/08/2018,979.5,975.5,78,62,35,27.5,0,C,C,0,0,1
17/08/2018,976.5,973.1,79,65,35.6,28.5,0,C,C,0,0,1
18/08/2018,975.5,972,82,78,36.8,28,0,C,C,0,0,1
19/08/2018,975.9,972.5,81,55,36,27,10.4,SE,W,4,2,1
20/08/2018,976,974.2,73,64,36.5,28,0,C,SE,0,2,1
21/08/2018,977.4,974.6,85,78,36.5,27.4,0,NE,C,10,0,1
22/08/2018,976.1,972.7,81,78,35,27,0.6,C,C,0,0,1
23/08/2018,975,973.1,81,71,35,27.8,1.6,C,NE,0,4,1
24/08/2018,975.1,972.4,78,52,35.3,28.6,0,C,S,0,2,1
25/08/2018,973.9,972.2,69,57,36.5,29.5,0,S,SW,2,2,1
26/08/2018,974.5,972.4,70,60,36.2,27.5,0,N,C,4,0,1
27/08/2018,976.8,974.8,72,53,36.2,27.9,0,S,W,2,2,1
28/08/2018,976.9,975.7,76,56,37,29.5,0,C,SW,0,2,1
29/08/2018,979.1,975.5,75,51,37,29,0,SW,C,4,0,1
30/08/2018,976.3,973.3,75,45,37.5,29.5,0,C,W,0,2,1
31/08/2018,974.8,973.8,67,46,38.2,30,0,S,W,2,4,1
01/09/2018,977.9,976.2,66,48,37.6,29.5,0,SW,SW,6,2,1
02/09/2018,978,976.2,72,56,37,29.5,0,C,C,0,0,1
03/09/2018,979.2,977.2,85,70,36,27.4,0,NE,S,2,2,1
04/09/2018,980,976.6,81,52,34,27.2,1.6,C,E,0,4,1
05/09/2018,978.1,976.1,72,43,36.2,28.3,0,C,SW,0,4,1
06/09/2018,977.3,975.7,63,50,37.6,29.5,0,C,W,0,6,1
07/09/2018,978.9,978.4,78,66,37.8,28,0,C,W,0,2,1
08/09/2018,981.2,979.1,77,53,36.5,24.6,0,C,SE,0,2,1
09/09/2018,981.7,980.8,85,92,35.2,26.3,0,C,C,0,0,1
10/09/2018,983.2,981.4,88,64,34,23,55,C,C,0,0,1
11/09/2018,983.2,979.8,77,56,34.2,26,0,NW,SE,6,2,1
12/09/2018,979.5,975.7,78,54,35,26.4,0,C,SW,0,4,1
13/09/2018,978,976.7,77,59,36,26.2,0,SE,S,4,4,1
14/09/2018,980.8,980.8,69,59,35.2,23.4,0,SE,W,2,2,1
15/09/2018,983.5,983.2,64,48,35,23.5,0,N,W,2,4,1
16/09/2018,984,980.9,69,52,33.8,24.3,0,NW,W,2,6,1
17/09/2018,981.9,979.9,70,46,34,25.5,0,C,W,0,6,1
18/09/2018,982.3,979.8,70,49,35,25,0,C,W,0,4,1
19/09/2018,982.8,978.7,77,43,36.5,26,0,C,C,0,0,1
20/09/2018,981.6,980.5,77,52,36.7,26,0,C,SE,0,4,1
21/09/2018,984.6,982.5,78,56,37,26,0,C,SE,0,4,1
22/09/2018,985.4,984.7,77,76,35.2,26,0,SE,W,2,8,1
23/09/2018,985.5,983.7,91,87,30,21,4.5,N,C,2,0,0
24/09/2018,984.7,982.6,83,58,24.8,21,2.1,C,NW,0,2,0
25/09/2018,983.5,982.4,83,55,30.5,22.5,0,C,W,0,4,0
26/09/2018,983.6,981.6,84,55,33,23.3,0,W,NW,4,4,0
27/09/2018,983.5,982.5,77,46,34,24.8,0,C,NW,0,2,1
28/09/2018,984.9,982.6,74,64,35,25.7,0,SW,C,4,0,1
29/09/2018,986.6,984.9,79,48,35.5,20.5,13.8,C,C,0,0,1
30/09/2018,985.5,983.2,76,44,32.2,22,0,C,C,0,0,0
01/10/2018,984.8,983.5,80,48,34,24,0,C,C,0,0,1
02/10/2018,986.1,983.4,80,50,35,24.5,0,C,N,0,2,1
03/10/2018,985,983.7,80,34,34.5,24.8,0,C,C,0,0,1
04/10/2018,988,985.1,50,39,34.8,22,0,N,C,6,0,1
05/10/2018,988.8,987,53,43,33.5,22.5,0,NW,NW,4,2,1
06/10/2018,987.8,985.7,61,41,33,23,0,C,W,0,2,0
07/10/2018,987.1,984.2,75,33,33.4,22.4,0,C,W,0,2,1
08/10/2018,985.8,981.8,68,43,34,22,0,C,C,0,0,1
09/10/2018,985.1,983,69,47,33.5,18.5,0,C,N,0,6,1
10/10/2018,985.7,983,67,59,32.4,20.5,0,C,C,0,0,0
11/10/2018,987.3,985.4,70,51,32,21,0,N,C,8,0,0
12/10/2018,989.6,986.6,78,46,30.6,20.5,0,C,C,0,0,0
13/10/2018,989.7,987.6,74,38,30.7,20,0,C,C,0,0,0
14/10/2018,988.1,986.1,63,39,31.6,19.4,0,C,W,0,4,0
15/10/2018,988.6,986.2,66,50,32,19.5,0,C,C,0,0,0
16/10/2018,988.3,985.2,74,47,32.2,19.5,0,C,C,0,0,0
17/10/2018,986.8,984.1,70,52,31.7,20,0,C,C,0,0,0
18/10/2018,986.9,985.3,73,38,31,19,0,C,C,0,0,0
19/10/2018,988.5,986.6,68,31,32,18.4,0,C,NW,0,4,0
20/10/2018,990.3,988.9,59,31,32,17.7,0,C,C,0,0,0
21/10/2018,991.1,989.7,64,32,32,17.5,0,C,W,0,6,0
22/10/2018,989.6,986.6,77,40,31.2,18,0,C,W,0,2,0
23/10/2018,989.1,987.3,72,38,32,17.5,0,C,C,0,0,0
24/10/2018,990.1,987.4,68,40,31.6,17.6,0,C,C,0,0,0
25/10/2018,990.3,990,76,46,31.2,16.5,0,C,C,0,0,0
26/10/2018,993.3,990.5,73,40,30.5,18,0,C,C,0,0,0
27/10/2018,992.9,990.4,77,57,31,18.4,0,C,C,0,0,0
28/10/2018,993.2,990.3,81,46,30,18,0,C,W,0,2,0
29/10/2018,992.3,989.2,86,48,31.2,18.6,0,C,W,0,2,0
30/10/2018,991.2,989.5,77,55,30.2,18.5,0,C,C,0,0,0
31/10/2018,992.9,989.9,81,57,30,19,0,C,C,0,0,0
01/03/2019,991.6,990.2,82,57,21,9.6,0,C,N,0,2,0
02/03/2019,992.2,990.8,68,89,20.3,12.1,0.2,C,NW,0,4,0
03/03/2019,989.2,986.9,88,75,17.6,12.2,3.5,C,W,0,4,0
04/03/2019,987,984.2,88,57,18,11.1,0.2,W,W,2,6,0
05/03/2019,985.2,985.6,83,48,22.5,11.3,0,C,W,0,4,0
06/03/2019,987.4,985.5,72,38,24,12.5,0,C,W,0,2,0
07/03/2019,987.2,986.8,78,45,25,12.5,0,C,N,0,4,0
08/03/2019,989.8,990.3,68,52,24.5,13.2,0,C,NW,0,2,0
09/03/2019,991,988.8,77,35,21.2,12.4,0,NW,W,4,4,0
10/03/2019,989.2,986.8,63,29,25,13,0,W,SW,2,2,0
11/03/2019,987.6,988.9,65,67,26.3,14,0,S,NW,4,4,0
12/03/2019,993.5,991.6,83,45,21.4,12.2,8.7,C,W,0,8,0
13/03/2019,990.2,991.2,78,46,24.5,12.7,0,C,E,0,4,0
14/03/2019,994.1,992,73,54,23.5,12.8,0,W,C,12,0,0
15/03/2019,995.2,993.1,73,45,22.4,12.4,0,C,W,0,2,0
16/03/2019,992.9,990,69,38,24.4,13.3,0,C,W,0,4,0
17/03/2019,990.5,988.2,65,37,26.8,15,0,C,W,0,4,0
18/03/2019,990.5,987.8,69,45,28.5,14.8,0,C,C,0,0,0
19/03/2019,986.5,983.1,71,44,27.5,15.5,0,C,NW,0,2,0
20/03/2019,986.2,985.7,69,48,29.5,14.9,0,W,W,8,4,0
21/03/2019,989.7,989,70,40,27,15.4,0.2,C,W,0,6,0
22/03/2019,991.5,989.1,66,32,28.2,16.2,0,W,W,2,6,0
23/03/2019,990.1,989.2,56,47,28.3,17.3,0,W,NW,4,6,0
24/03/2019,990.5,987.3,71,50,25.8,16.5,0,C,NW,0,8,0
25/03/2019,988.5,986.8,62,36,24.8,17.2,0,C,W,0,4,0
26/03/2019,989.3,986.8,76,30,28.7,15,0,C,W,0,8,0
27/03/2019,989.8,988,73,42,30.5,17.3,0,C,W,0,4,0
28/03/2019,989.4,986,74,45,30.8,19.2,0,C,W,0,8,0
29/03/2019,985.8,982.6,68,43,32.5,21,0,SW,C,4,0,0
30/03/2019,985.1,984.2,67,38,32.8,21.2,0,W,NW,2,6,0
31/03/2019,985.9,983.9,48,31,32.5,18.2,0,W,SW,4,6,0
01/04/2019,984.5,983.5,46,22,31.5,19.3,0,W,SW,6,8,0
02/04/2019,985.8,983.6,64,27,33.4,17.7,0,C,W,0,8,1
03/04/2019,983.9,982.3,46,33,35,19.6,0,C,SW,0,2,1
04/04/2019,986,983.2,68,36,34.5,22,0,C,W,0,2,1
05/04/2019,984.3,982.5,62,33,35.5,22.6,0,C,W,0,4,1
06/04/2019,984.8,981,69,39,36.4,24.5,0,C,W,0,4,1
07/04/2019,982.5,979.9,39,29,36,21.4,0,N,C,2,0,1
08/04/2019,983.5,981.5,47,41,36,22.8,0,C,C,0,0,1
09/04/2019,983.8,980.5,62,36,33,22.6,0,C,NE,0,4,0
10/04/2019,984.9,984.1,57,26,35.6,21.5,0.7,C,W,0,4,1
11/04/2019,986.1,982.5,55,32,35.5,23.4,0,N,W,2,2,1
12/04/2019,985.5,983.7,61,33,35,24,0,N,NW,2,2,1
13/04/2019,987.4,985.3,71,47,34.5,22.2,0,NW,N,2,8,1
14/04/2019,987,984.7,68,35,31,21.7,0.4,W,W,8,4,0
15/04/2019,985.1,980.2,49,30,34.4,23.5,0,N,W,4,6,1
16/04/2019,984.7,983.6,74,60,36.7,19.6,5,NE,SW,4,4,1
17/04/2019,986.4,986.5,95,86,29,16.5,43.2,N,N,2,2,0
18/04/2019,990.2,987.4,77,46,22.3,16,3.8,N,W,2,2,0
19/04/2019,986.2,983.6,66,37,27.5,18.2,0,C,C,0,0,0
20/04/2019,983,981.1,60,37,31.4,20.8,0,C,E,0,2,0
21/04/2019,981.6,979.3,65,35,33.5,22.7,0,C,W,0,6,1
22/04/2019,981.5,980,63,31,35.7,24.4,0,C,SW,0,2,1
23/04/2019,981.5,979.8,63,37,38,25,0,C,C,0,0,1
24/04/2019,984.9,982.9,50,44,40,24.4,0,N,NW,4,18,1
25/04/2019,985.2,981.9,49,30,38.5,22.7,0,C,SW,0,4,1
26/04/2019,984,983,58,26,38,23.1,1.4,C,W,0,4,1
27/04/2019,984.3,981.2,50,18,37.5,25,0,N,W,4,4,1
28/04/2019,982.5,980.4,40,22,38.5,25,0,C,W,0,2,1
29/04/2019,982,978.3,32,19,39,24,0,C,NW,0,2,1
30/04/2019,979.3,977.4,39,23,39.5,26.8,0,NW,NW,16,8,1
01/05/2019,979.4,975.6,49,19,37.2,24,0,C,W,0,4,1
02/05/2019,980.5,978,33,19,38.8,24.4,0,NW,C,6,0,1
03/05/2019,984.2,981.2,41,24,37.5,22.4,0,W,SW,12,4,1
04/05/2019,984.5,981.8,38,17,36.6,22.7,0,C,W,0,6,1
05/05/2019,983.8,980.2,38,21,37.6,23.8,0,C,C,0,0,1
06/05/2019,981.9,979,41,18,38.5,22.4,0,C,N,0,4,1
07/05/2019,979,977.6,36,20,39.5,23,0,C,C,0,0,1
08/05/2019,980.3,978.2,34,23,40.5,25.5,0,C,C,0,0,1
09/05/2019,978.9,975.8,34,21,41.5,25.6,0,C,C,0,0,1
10/05/2019,979.2,976.5,56,22,41,27.3,0,SW,SW,2,2,1
11/05/2019,981.7,981.6,48,34,40.5,26.1,0,C,N,0,6,1
12/05/2019,983.4,978.9,48,26,33,23.4,0,W,SW,6,4,0
13/05/2019,980.4,978.2,48,37,38.2,26.2,0,C,N,0,14,1
14/05/2019,981,979,61,33,38,22.4,3.8,C,C,0,0,1
15/05/2019,984.4,981,61,41,35.5,23.5,0,SW,S,10,4,1
16/05/2019,984.5,982.1,78,47,34.5,20.6,2.3,N,W,4,4,1
17/05/2019,983.2,981.2,68,63,32.5,21.8,0,SW,C,4,0,0
18/05/2019,983.5,981.6,61,32,28,20.7,0,C,SW,0,4,0
19/05/2019,983.1,980.5,57,32,34.5,23.7,0,C,SW,0,8,1
20/05/2019,985.7,982.7,46,22,37.5,24,0,NW,W,2,4,1
21/05/2019,983.1,980.1,44,22,39,26.2,0,C,W,0,2,1
22/05/2019,981.4,977.1,43,21,40.2,26.5,0,C,SW,0,4,1
23/05/2019,980.1,978.3,55,34,39.2,24,1.6,E,SE,4,4,1
24/05/2019,982.2,981.4,75,49,37,21.7,2,NE,C,4,0,1
25/05/2019,982.6,979.5,75,39,32.4,18.7,13.4,C,W,0,6,0
26/05/2019,979.3,978.2,49,27,32.8,22.3,0,C,W,0,6,0
27/05/2019,979.8,978.2,32,18,37,25,0,N,W,4,4,1
28/05/2019,979.5,977.2,29,21,40,26.3,0,C,W,0,4,1
29/05/2019,977.3,975,33,22,41.6,28.4,0,C,C,0,0,1
30/05/2019,976.2,973.2,45,20,42.4,28.5,0,C,W,0,2,1
31/05/2019,975.5,973.2,32,17,43.2,29.8,0,C,C,0,0,1
01/06/2019,975.6,972.5,39,19,44.8,29.4,0,C,C,0,0,1
02/06/2019,976.5,973.7,36,18,45.2,28.5,0,C,SW,0,2,1
03/06/2019,975.4,971.7,38,18,44.2,29.5,0,SE,S,4,6,1
04/06/2019,977.2,974.2,45,34,43.5,27,0,NE,SE,4,2,1
05/06/2019,978.1,974.7,41,23,40.2,29,0,NW,SW,6,4,1
06/06/2019,978.1,976.3,29,18,42.3,28.5,0,NW,W,8,10,1
07/06/2019,979.9,978.3,34,21,41.8,26.4,0,C,N,0,4,1
08/06/2019,978.9,975.8,36,20,41.8,28.5,0,C,C,0,0,1
09/06/2019,977,973.7,31,21,43,28.5,0,C,C,0,0,1
10/06/2019,973.4,970.1,33,22,44.2,30.6,0,C,SE,0,2,1
11/06/2019,972.1,969.1,36,25,45,31,0,SE,SW,4,4,1
12/06/2019,974.4,971.8,57,33,43.5,23.6,3,N,E,10,2,1
13/06/2019,977.9,974.3,51,23,40,26.4,0,C,W,0,2,1
14/06/2019,975.6,972.7,27,16,42,26.7,0,C,NW,0,4,1
15/06/2019,974.7,972.4,36,40,43,30,0,C,NE,0,6,1
16/06/2019,976.6,973.6,47,30,42.4,26.5,2.7,C,SW,0,4,1
17/06/2019,975.5,972.1,56,42,38.3,29,0,C,S,0,8,1
18/06/2019,977.7,974.9,72,55,40.2,22.1,5.2,C,C,0,0,1
19/06/2019,976.6,973.6,65,36,32.5,23.5,0,C,C,0,0,0
20/06/2019,977.1,975.5,58,47,38,28.4,0,C,SE,0,2,1
21/06/2019,980.2,976,56,32,37,26.3,0,SE,W,2,2,1
22/06/2019,978.5,974.3,46,33,38.8,27.8,0,C,W,0,4,1
23/06/2019,977.9,977.7,53,44,40.8,29.5,0,S,NW,4,14,1
24/06/2019,980.9,978.1,70,81,39.2,25.5,0.4,W,N,4,4,1
25/06/2019,980,976.9,81,50,28.2,25.6,17.2,C,SE,0,4,0
26/06/2019,977.8,973.2,61,35,36.2,28,0,C,S,0,2,1
27/06/2019,975,971.2,51,29,39.2,27.5,0,C,SW,0,2,1
28/06/2019,973.2,969.9,56,34,39.5,29.9,0,C,SW,0,4,1
29/06/2019,972.5,969.8,50,31,41,29.5,0,C,SW,0,2,1
30/06/2019,973.2,970.5,40,25,41.8,29.5,0,NW,W,2,4,1
01/07/2019,974.3,970.7,46,30,42,30.6,0,C,W,0,4,1
02/07/2019,975.3,972.3,58,37,42.3,29.5,0,C,W,0,4,1
03/07/2019,975.7,971.5,54,39,40.5,31.7,0,SE,S,2,2,1
04/07/2019,973.3,972.7,60,53,41.6,33.6,0,C,N,0,22,1
05/07/2019,973.6,968,77,44,41,26,3.7,N,C,6,0,1
06/07/2019,970.5,968.4,88,64,37.5,21.6,23.4,C,C,0,0,1
07/07/2019,971.9,969.1,78,56,33,26.3,0,NE,C,2,0,0
08/07/2019,971.7,968.8,73,58,37.2,28.5,0,SE,E,4,2,1
09/07/2019,970.1,969.7,71,59,37.2,27.5,4.6,N,SE,8,6,1
10/07/2019,971,968.2,78,58,34.8,27.4,0,NE,C,4,0,1
11/07/2019,969.1,969.9,100,68,36.2,23.5,25.1,N,E,8,4,1
12/07/2019,972.3,971.1,81,63,35,23.7,0,N,E,4,2,1
13/07/2019,970.7,972.6,88,47,35.3,23,5.4,NE,C,2,0,1
14/07/2019,972.8,971.7,100,78,35.5,22.3,33.9,NW,C,4,0,1
15/07/2019,972.6,970.9,88,75,29.5,22.5,6.1,NW,SE,14,6,0
16/07/2019,974,975.5,100,100,30.6,21.5,72,E,C,4,0,0
17/07/2019,977.2,975.3,91,75,26.5,22.3,74.8,C,C,0,0,0
18/07/2019,976.3,974.9,85,61,30.2,23.1,0,C,NE,0,4,0
19/07/2019,977.6,975.7,82,67,33.3,27.8,0,NE,NE,4,2,1
20/07/2019,979.2,976,78,92,33.7,27.4,0,C,SE,0,2,1
21/07/2019,978.1,975.2,78,60,34.7,24.3,18.2,C,C,0,0,1
22/07/2019,977.4,974.4,86,57,34.8,28.4,0,C,C,0,0,1
23/07/2019,977,973.3,79,71,35.8,29.4,0,C,S,0,6,1
24/07/2019,973.3,970.1,79,73,36.8,29.2,8.9,C,N,0,2,1
25/07/2019,974.7,973.8,96,85,38.4,26,13.4,SE,C,12,0,1
26/07/2019,973.2,971.8,88,73,28.5,23,40.1,C,C,0,0,0
27/07/2019,973.9,972.8,85,78,32.2,26.5,0,C,SE,0,10,0
28/07/2019,977.3,975.7,92,89,32,26.2,3.2,N,N,4,4,0
29/07/2019,978.6,975.6,82,57,28.7,25,22,C,C,0,0,0
30/07/2019,977,974.4,79,100,35,29,0,C,SE,0,8,1
31/07/2019,977,973.9,88,79,35,26,46.1,SE,E,6,4,1
01/08/2019,975.5,973.5,88,96,32,26.3,0,C,C,0,0,0
02/08/2019,974.8,972.6,100,75,32.5,23.2,56,C,C,0,0,0
03/08/2019,974.2,972.1,88,64,31.2,24.4,0,C,NE,0,4,0
04/08/2019,975.2,970.8,85,62,33.5,27.3,0,C,C,0,0,1
05/08/2019,972.6,969.1,79,60,35.5,29.2,0,C,C,0,0,1
06/08/2019,971,969.7,76,67,36.5,29.2,0,N,S,4,2,1
07/08/2019,973.4,970.6,85,62,35.3,27.6,1.6,C,E,0,2,1
08/08/2019,972.6,970.3,79,67,35.2,27.8,0,C,N,0,4,1
09/08/2019,974.6,973.6,76,82,36,30,0,C,SE,0,4,1
10/08/2019,976,974.3,85,67,32.5,26,20.4,C,E,0,2,0
11/08/2019,976.7,974,82,65,33.8,27.4,0,C,W,0,6,1
12/08/2019,976.5,973.4,79,56,35.6,29.8,0,S,W,4,2,1
13/08/2019,976.1,973.6,75,48,37.5,29.6,0,C,W,0,4,1
14/08/2019,977.7,976,85,67,37,29,0,SE,C,4,0,1
15/08/2019,978.1,975.6,79,62,34.2,28.4,0,C,C,0,0,1
16/08/2019,977.2,974.1,82,77,36.2,28.5,0,C,SE,0,4,1
17/08/2019,976.5,976.2,88,96,34.8,26,1,C,NE,0,4,1
18/08/2019,978.4,977.4,88,56,31.4,23,21.8,C,C,0,0,0
19/08/2019,981.5,979.8,84,52,33.5,24.5,0,N,C,6,0,1
20/08/2019,981.4,978,78,52,35.5,25.4,0,C,W,0,6,1
21/08/2019,978.6,976.4,75,46,35.7,27.8,0,C,W,0,2,1
22/08/2019,979.1,976.8,75,55,37.2,28.7,0,C,SE,0,2,1
23/08/2019,979.8,977.1,76,56,36.5,27.7,1.1,C,S,0,4,1
24/08/2019,978.5,976.3,72,56,36.4,28.2,0,C,C,0,0,1
25/08/2019,979.6,976.4,82,65,36.8,28.4,0,C,SE,0,2,1
26/08/2019,981,977.9,81,64,35,26.6,0,NE,C,6,0,1
27/08/2019,979.1,976.9,72,72,34.6,27.2,0,C,C,0,0,1
28/08/2019,981,977.6,78,76,36,27.8,1,C,C,0,0,1
29/08/2019,981.4,977.5,82,61,37,28.8,2.2,C,C,0,0,1
30/08/2019,979.7,975,85,68,36.5,29,1,N,C,2,0,1
31/08/2019,975.9,972.9,82,68,35.2,27.3,0,C,E,0,4,1
01/09/2019,976.7,976.6,85,100,37,26.4,16.3,C,SE,0,2,1
02/09/2019,980.3,976.4,92,61,34.5,23.2,31,C,C,0,0,1
03/09/2019,978,975.6,82,60,34,26,0,C,NW,0,2,1
04/09/2019,976.9,973.5,82,51,36.5,29.3,0,C,C,0,0,1
05/09/2019,978.2,974.8,77,67,37.5,27,0,NE,C,2,0,1
06/09/2019,977.2,973,82,62,37.4,26.8,0,C,C,0,0,1
07/09/2019,976.1,974.9,82,52,36.2,28.8,0,C,C,0,0,1
08/09/2019,979.3,975.8,78,55,35.5,26.5,0,C,NW,0,2,1
09/09/2019,977.7,974,75,51,36,28.5,0,C,C,0,0,1
10/09/2019,976.5,973.9,72,54,37,29.6,0,C,C,0,0,1
11/09/2019,977.4,975.5,79,49,38.5,29.5,0,C,NW,0,2,1
12/09/2019,978.9,976.2,72,58,38.4,29.5,0,SE,NE,2,4,1
13/09/2019,980.6,978,78,57,38,28,0,NE,E,2,4,1
14/09/2019,980,978.3,78,65,36.4,27.8,0,C,C,0,0,1
15/09/2019,981.6,978.1,79,61,35.5,28.8,0,SE,C,4,0,1
16/09/2019,981,976.6,78,49,35,28.2,0,C,C,0,0,1
17/09/2019,980.4,978.1,78,52,36.2,26.2,0,C,C,0,0,1
18/09/2019,982,981.7,78,56,36.5,27,0,C,C,0,0,1
19/09/2019,986.4,984,84,66,36,26.2,0,E,NE,4,2,1
20/09/2019,986.1,983,84,66,32.2,25,0,C,N,0,6,0
21/09/2019,985.1,981.2,74,50,33.5,26,0,C,SW,0,6,1
22/09/2019,985.5,982.7,74,56,34.5,26.2,0,C,C,0,0,1
23/09/2019,988.9,984.5,77,55,35,25.8,0,C,C,0,0,1
24/09/2019,988.2,984.6,77,61,35,26.2,0,C,C,0,0,1
25/09/2019,988.7,985.7,74,56,34.2,27.2,0,C,C,0,0,1
26/09/2019,990.3,985.6,66,66,34,27,0,C,C,0,0,1
27/09/2019,988.5,984,74,78,33.6,27,0,C,C,0,0,1
28/09/2019,985.7,983.4,80,67,32.7,25.6,0.2,E,C,4,0,0
29/09/2019,987.1,985,96,88,32.5,21,61,C,C,0,0,0
30/09/2019,986,983.1,87,67,28.2,22,2,NW,NW,2,4,0
01/10/2019,985.2,982.9,88,56,30.2,22.5,0,C,C,0,0,0
02/10/2019,986.8,984.4,80,54,31,22.8,0,C,NW,0,4,0
03/10/2019,986.3,985.7,80,87,32.5,23.6,0,C,NW,0,8,0
04/10/2019,988.7,985.5,91,63,32,18.2,16.4,W,C,4,0,0
05/10/2019,987.1,985.4,83,53,27.7,19.4,0,C,SW,0,2,0
06/10/2019,987.3,985.8,83,63,30.5,23,0,C,W,0,2,0
07/10/2019,990.2,987.4,74,52,29,21.6,0,C,SW,0,2,0
08/10/2019,987.8,985.7,71,45,31,20.6,0,C,C,0,0,0
09/10/2019,988,985.7,79,48,32,20.2,0,C,C,0,0,0
10/10/2019,988.3,986.4,70,48,32.4,20.2,0,C,C,0,0,0
11/10/2019,986.9,985.1,79,46,32.5,22.5,0,C,NW,0,4,0
12/10/2019,988,986.5,76,47,33,23.1,0,C,C,0,0,0
13/10/2019,988.3,986.6,72,54,32.6,22.3,0,C,SW,0,2,0
14/10/2019,988.2,986.3,79,44,33,23,0,C,C,0,0,0
15/10/2019,988.9,987.7,75,51,33.8,22.8,0,C,NW,0,2,1
16/10/2019,990.5,987.6,83,51,33,23,0,C,C,0,0,0
17/10/2019,990.7,986.9,79,59,33,23,0,C,C,0,0,0
18/10/2019,992.7,990.1,90,52,31.6,17.5,6.2,W,NW,8,10,0
19/10/2019,992.1,990.5,73,50,29,17.7,5,W,C,4,0,0
20/10/2019,990.8,989.5,69,47,29.5,19,0,C,SW,0,4,0
21/10/2019,989.9,986.9,73,43,28.5,18.2,0,C,W,0,4,0
22/10/2019,987.4,983.1,69,49,31,18,0,C,W,0,4,0
23/10/2019,985.8,983.4,82,52,31,18.2,0,C,C,0,0,0
24/10/2019,987.8,985,82,51,31.2,21,0,C,C,0,0,0
25/10/2019,988.7,986,82,52,31,19.4,0,C,C,0,0,0
26/10/2019,990,987.5,82,47,30.8,19.2,0,C,W,0,4,0
27/10/2019,988.7,986.5,74,49,30.6,19,0,C,SW,0,2,0
28/10/2019,989.2,987.9,78,51,30.6,20.5,0,C,C,0,0,0
29/10/2019,990.3,987.7,86,52,30.6,19.7,0,C,C,0,0,0
30/10/2019,990,985.8,82,46,30.8,19.8,0,C,C,0,0,0
31/10/2019,988.3,985.9,86,46,31,19,0,C,C,0,0,0
01/03/2020,990,988.3,83,51,22.5,13.6,0,C,C,0,0,0
02/03/2020,988.8,987,79,52,25.8,14,0,C,C,0,0,0
03/03/2020,988.2,984.9,79,39,26.5,14,0,C,W,0,4,0
04/03/2020,986.3,983.9,80,63,27,15,0,C,W,0,2,0
05/03/2020,985.4,983.8,89,53,25.3,14.7,5.4,NW,C,6,0,0
06/03/2020,984.3,982.8,89,79,21.5,12.5,38,S,N,2,2,0
07/03/2020,988,988.6,94,84,18,11.6,4.6,C,E,0,4,0
08/03/2020,992.4,992.2,94,65,17,11.6,2.5,C,C,0,0,0
09/03/2020,990.1,987,72,45,21.5,12.2,0,W,W,6,4,0
10/03/2020,986.6,985,72,39,23.5,12,0,C,W,0,4,0
11/03/2020,986.4,982.4,78,90,25,11,0,C,NE,0,6,0
12/03/2020,985.5,986,84,47,20.3,13.5,16.6,E,SE,6,2,0
13/03/2020,989,989.5,77,71,23.5,11.2,14.6,N,W,4,4,0
14/03/2020,991.6,990.1,89,60,20.5,12,0,C,N,0,2,0
15/03/2020,993.8,992.3,83,50,21.2,11.8,0,C,C,0,0,0
16/03/2020,991.8,990.7,75,44,24.5,14.2,0,C,NW,0,2,0
17/03/2020,992.3,990.6,75,45,26,15.6,0,W,W,2,4,0
18/03/2020,991.2,988,77,49,27.2,17.2,0,W,SW,2,4,0
19/03/2020,987.5,984.7,81,50,28.4,16,0,C,C,0,0,0
20/03/2020,987,984.5,73,47,29,17.5,0,C,C,0,0,0
21/03/2020,986.7,985.8,77,55,29,18.5,0,N,C,2,0,0
22/03/2020,987.9,988.4,71,44,28.5,16.5,0,C,C,0,0,0
23/03/2020,988.3,985.9,73,45,28,16.5,0,C,W,0,4,0
24/03/2020,986.2,986.6,73,67,30,19.6,0,C,N,0,2,0
25/03/2020,988.3,986.5,81,53,25,17,0,C,C,0,0,0
26/03/2020,988.9,987.6,69,51,27.6,18,0,W,W,4,2,0
27/03/2020,987.8,985.3,90,90,28.2,17.4,6.7,C,SE,0,6,0
28/03/2020,991.7,988.9,89,54,20,15,17.3,C,C,0,0,0
29/03/2020,989,987.6,81,49,25.2,15.4,0,C,W,0,4,0
30/03/2020,988.6,987.5,72,44,26.7,18,0,C,C,0,0,0
31/03/2020,986.8,986.1,69,74,27.8,18.2,0,N,C,2,0,0
01/04/2020,988.6,985.9,76,47,26,15.6,1,C,W,0,4,0
02/04/2020,987.3,986.4,67,30,29,17.2,0,NW,W,4,4,0
03/04/2020,988.5,987.8,63,36,29,16.5,0,C,N,0,4,0
04/04/2020,988,986,72,36,29,16.6,0,C,W,0,4,0
05/04/2020,988.3,985.9,63,38,30.5,18.8,0,C,S,0,4,0
06/04/2020,989,987.3,64,40,31,17,0,N,W,6,6,0
07/04/2020,987.4,985.3,73,43,31,18.8,1,W,N,2,6,0
08/04/2020,987.9,986,64,38,28,17.2,0,W,W,2,6,0
09/04/2020,986.9,985.6,65,38,30,18.8,0,C,W,0,4,0
10/04/2020,988,986.8,63,36,30.5,20.6,0,C,W,0,6,0
11/04/2020,989.7,988.3,53,35,32.5,20.6,0,C,W,0,4,0
12/04/2020,986.3,984.3,54,28,34,23,0,W,W,2,4,1
13/04/2020,984.1,981.9,61,39,35.5,23.5,0,C,W,0,4,1
14/04/2020,983.4,980.7,60,30,36,24.5,0,C,S,0,4,1
15/04/2020,985,981.8,57,36,37,25.4,0,C,W,0,6,1
16/04/2020,984.3,982.4,65,29,36.5,23,0,NW,W,2,2,1
17/04/2020,983.7,982.5,62,68,35.5,24.5,0,N,N,2,6,1
18/04/2020,986.5,984.6,81,46,26,18,21,C,W,0,4,0
19/04/2020,985.7,983.4,67,35,30,19.7,0,C,W,0,4,0
20/04/2020,985,983.1,63,45,32,21.8,0,C,W,0,12,0
21/04/2020,986.4,983.2,69,40,31.5,17.8,1.6,N,N,4,4,0
22/04/2020,983.9,981.7,63,33,31.5,20.4,0,C,C,0,0,0
23/04/2020,983.4,980.5,55,31,34,22.4,0,C,N,0,2,1
24/04/2020,981.9,978.9,53,28,35.5,24,0,C,W,0,4,1
25/04/2020,981.5,980.7,58,44,37,23.5,0,C,C,0,0,1
26/04/2020,983,981.6,62,39,30,23,0,C,N,0,4,0
27/04/2020,986.6,985.2,63,43,34.5,22.4,0,NE,NE,6,8,1
28/04/2020,989.6,984.9,78,44,32,22,0.4,N,N,4,4,0
29/04/2020,985.1,981.7,62,36,32.8,22.3,0,C,C,0,0,0
30/04/2020,985.5,981.7,54,37,36.2,25.3,0,C,W,0,4,1
01/05/2020,982.6,978.7,50,32,37,24.3,0,C,C,0,0,1
02/05/2020,983.4,979.7,63,66,39,26,6.6,W,N,6,2,1
03/05/2020,984,982.8,82,57,31.2,21.3,0.7,N,W,4,4,0
04/05/2020,985.7,982.7,72,47,33.4,21.8,0.4,W,C,2,0,1
05/05/2020,983.7,981.7,62,35,35,23,0,C,W,0,2,1
06/05/2020,980.9,981.3,50,38,36,23.5,0,C,C,0,0,1
07/05/2020,983.2,981.5,54,33,32,20,0,C,C,0,0,0
08/05/2020,981.1,979.1,51,31,36.4,24,0,C,W,0,4,1
09/05/2020,982,980.1,51,29,38,28,0,C,C,0,0,1
10/05/2020,983,980.9,63,32,40,25,0,S,C,4,0,1
11/05/2020,983.7,980.5,50,33,37,25,0,SE,E,6,4,1
12/05/2020,985,981.5,63,39,36.5,23.8,1.5,C,C,0,0,1
13/05/2020,983.2,979.6,52,40,36,26,0,C,C,0,0,1
14/05/2020,982.6,982.8,83,66,36,22.6,5,NW,N,2,4,1
15/05/2020,984.3,980.6,72,39,27.2,21.4,2.3,N,W,2,6,0
16/05/2020,981.3,978.8,60,30,35.2,24,0,C,W,0,4,1
17/05/2020,979.8,976.7,42,24,37.7,26.2,0,C,W,0,4,1
18/05/2020,980.4,977.2,39,21,38.2,24.7,0,C,w,0,8,1
19/05/2020,978.9,978.5,36,23,38,24.8,0,C,NW,0,8,1
20/05/2020,978.8,976.2,40,19,37,25.7,0,C,W,0,8,1
21/05/2020,977,973.8,36,18,39,27,0,C,W,0,4,1
22/05/2020,975.8,974,42,22,42,28.5,0,SE,S,2,4,1
23/05/2020,976.1,974.5,40,21,42.7,28.8,0,SE,S,2,2,1
24/05/2020,980.5,976.7,40,25,42.5,27.5,0,C,W,0,6,1
25/05/2020,977.4,975.2,38,25,41.8,30.8,0,C,C,0,0,1
26/05/2020,975.7,973.8,43,18,42.8,29.4,0,C,W,0,2,1
27/05/2020,974.5,971.3,39,22,44.3,29,0,C,C,0,0,1
28/05/2020,974.3,973,41,29,44.4,30,0,NE,NE,6,10,1
29/05/2020,978.7,976.7,51,46,39.5,24.8,0,NE,E,4,6,1
30/05/2020,981.4,979.9,65,51,35,24.9,0,C,N,0,8,1
31/05/2020,983.1,981.4,68,59,33.5,23,2,N,N,4,4,1
01/06/2020,985.4,981.7,76,45,32.5,23.3,6.2,N,N,6,10,0
02/06/2020,982.1,979.3,63,40,35,24.6,0,C,C,0,0,1
03/06/2020,979.9,977.3,63,36,35.7,26,0.8,C,C,0,0,1
04/06/2020,979.6,975.8,53,35,36.2,25.9,0,C,NW,0,2,1
05/06/2020,979.7,974.6,55,37,37.6,26.5,0,C,C,0,0,1
06/06/2020,980.1,977.2,75,64,37.2,23,0,NW,E,6,2,1
07/06/2020,980.3,976.8,79,54,31,23.2,0.4,W,C,4,0,0
08/06/2020,978,974.7,62,38,34.5,24.2,0,C,C,0,0,1
09/06/2020,978.4,976.1,61,48,38.2,28.8,0,N,N,4,2,1
10/06/2020,979.8,975,76,43,35.5,25.6,3,N,NE,12,4,1
11/06/2020,976.8,973.9,69,42,37.2,25.8,0,C,N,0,2,1
12/06/2020,975.9,972.1,53,40,38.6,29.4,0,C,N,0,6,1
13/06/2020,977.4,973.3,50,27,41,29,0.4,N,N,8,4,1
14/06/2020,977.9,974.9,46,24,40.2,29,0,C,W,0,6,1
15/06/2020,975.7,971.6,48,25,41.5,29.5,0,C,W,0,2,1
16/06/2020,973.5,968.9,46,24,43,29.8,0,C,NW,0,2,1
17/06/2020,972.9,968.3,51,29,43.4,30,0,C,C,0,0,1
18/06/2020,973,969.4,59,34,43.2,31.6,0,C,C,0,0,1
19/06/2020,974.4,972,49,41,42.5,32,0,C,NW,0,10,1
20/06/2020,975.7,971.8,49,45,41.7,27.8,0,C,C,0,0,1
21/06/2020,975.2,972.4,57,44,40.7,31.5,0,E,SW,2,2,1
22/06/2020,976,972.9,68,47,39.5,26,5.2,E,C,4,0,1
23/06/2020,977.9,974.5,64,51,38.5,29.7,0,SE,SE,2,2,1
24/06/2020,981.4,976.1,81,55,38.2,25,0,N,C,4,0,1
25/06/2020,977.9,973.9,92,53,36.6,23.5,5.9,C,C,0,0,1
26/06/2020,976.9,972.9,72,55,33.9,24,1.2,C,C,0,0,1
27/06/2020,975.2,972,61,56,36.9,28.5,0,C,C,0,0,1
28/06/2020,973.8,970.9,70,55,38.5,30,0,C,SE,0,4,1
29/06/2020,976.2,974.9,84,54,39.5,21.6,20,C,C,0,0,1
30/06/2020,977.9,973.4,75,54,34.3,24.8,0.6,E,C,2,0,1
01/07/2020,976.5,972.7,70,46,38.5,29.7,0,C,W,0,2,1
02/07/2020,973.6,969.7,68,39,39.4,31,0,C,W,0,2,1
03/07/2020,972.7,968.8,57,40,41.4,31.6,0,S,SW,2,6,1
04/07/2020,973,968.8,73,56,42.5,31,0,E,E,8,4,1
05/07/2020,974.8,971.5,77,56,38.3,23.8,6,C,W,0,2,1
06/07/2020,974.7,971.8,66,53,35,26.7,0,C,SE,0,4,1
07/07/2020,975.7,974.6,70,53,36.7,30.2,0,E,SE,4,4,1
08/07/2020,978.8,976.5,72,52,38,28.5,0,E,NW,2,4,1
09/07/2020,975.9,972.1,72,56,35.2,28,0,C,C,0,0,1
10/07/2020,972.1,969.8,65,44,37,30.8,0,S,S,2,4,1
11/07/2020,971.8,969.9,74,63,40.3,28.2,0,SE,E,6,4,1
12/07/2020,974.2,973.6,77,88,37.4,23.5,32,E,SE,6,4,1
13/07/2020,975.4,972.9,78,43,32.2,25.5,1.7,C,W,0,4,0
14/07/2020,975.1,972.8,76,50,36.5,28.7,0,C,W,0,4,1
15/07/2020,977.1,973.1,67,63,38.6,31,0,E,C,2,0,1
16/07/2020,976.1,973.5,75,85,37,26,4,C,C,0,0,1
17/07/2020,976.7,974.8,85,65,34.2,26.5,41.4,C,C,0,0,1
18/07/2020,977.2,975.2,79,58,34.2,28.5,0,C,C,0,0,1
19/07/2020,976.8,973.7,77,65,37,27,0,N,NW,4,6,1
20/07/2020,972.6,971.2,88,65,36.2,24.2,12,C,W,0,12,1
21/07/2020,975.5,976.4,91,70,34,22,40.6,W,C,4,0,1
22/07/2020,979.1,975.8,81,61,28.5,22.8,0,C,C,0,0,0
23/07/2020,976.7,974.6,74,59,32.5,26.7,0,C,C,0,0,0
24/07/2020,980.1,977.7,75,57,34.6,28,0,C,C,0,0,1
25/07/2020,982.2,979.5,79,57,35.8,29.5,0,C,N,0,4,1
26/07/2020,982.5,978.6,76,65,35.4,29,0,E,C,4,0,1
27/07/2020,979.3,976.2,73,52,36.5,29,0,C,C,0,0,1
28/07/2020,975.9,972.8,67,54,38.5,30,0,C,S,0,4,1
29/07/2020,973.9,973,76,60,38.3,29.8,0,C,E,0,4,1
30/07/2020,978.5,976.3,85,67,37.5,25.8,14,C,C,0,0,1
31/07/2020,978.1,975.6,82,62,33.5,27.3,0,C,C,0,0,1
01/08/2020,976.4,974.6,81,65,34.5,27.5,0,N,C,2,0,1
02/08/2020,977.7,972.5,84,62,34.3,25,10,N,C,12,0,1
03/08/2020,971.2,967.3,76,50,34,22.8,33.4,C,C,0,0,1
04/08/2020,969.8,966.8,69,66,39.2,27.4,0,C,N,0,2,1
05/08/2020,970.7,970.5,79,51,37.5,30.2,0,C,E,0,4,1
06/08/2020,975.9,973.6,72,50,38,29,0,C,C,0,0,1
07/08/2020,978.6,975.4,66,57,38.6,30.2,0,SE,C,4,0,1
08/08/2020,975.9,972.2,76,89,36,29,0,C,C,0,0,1
09/08/2020,973.5,971.8,82,85,36.2,28,17,C,C,0,0,1
10/08/2020,975.7,972.7,100,79,35.5,25,25,N,C,4,0,1
11/08/2020,975.1,972,89,68,32.5,25.2,25.7,C,C,0,0,0
12/08/2020,972.7,971.2,79,59,35.2,29.8,0,C,W,0,2,1
13/08/2020,971.5,970,85,74,38,29.5,0,N,E,2,4,1
14/08/2020,974.1,971.5,85,65,36.5,27.5,0,SE,SE,2,2,1
15/08/2020,973.3,971.4,78,60,34.2,27.8,0,C,SE,0,2,1
16/08/2020,974,971.5,79,60,35.8,29.7,0,C,C,0,0,1
17/08/2020,973.3,971.6,82,71,37.5,29.4,0,E,C,2,0,1
18/08/2020,975.3,971.5,82,66,35,29.5,0,C,S,0,2,1
19/08/2020,973.7,971.1,77,67,36,27.8,0,NW,C,18,0,1
20/08/2020,975.8,976.5,96,88,34,23.5,118,C,C,0,0,1
21/08/2020,980.2,978.4,92,78,28,23.8,1,N,C,2,0,0
22/08/2020,979,976,84,56,31,25,0,C,W,0,4,0
23/08/2020,978.5,975.7,82,67,34.2,26.5,0,C,C,0,0,1
24/08/2020,977.5,975.3,78,62,34,27.5,0,C,SE,0,2,1
25/08/2020,978.9,976.9,75,67,35,27.4,0,SE,C,2,0,1
26/08/2020,979.1,977.5,81,79,34.5,28,0,E,W,2,4,1
27/08/2020,979.4,976.4,88,78,33.6,26.8,19.2,SE,SE,2,2,1
28/08/2020,978,976,96,75,32,23.8,67,C,C,0,0,0
29/08/2020,978,975.3,88,70,30.2,24.2,0,C,C,0,0,0
30/08/2020,977.3,976.3,78,80,32.7,26.8,0,C,NW,0,2,0
31/08/2020,978.5,976.1,74,63,34,26,0,NE,E,2,8,1
01/09/2020,979.6,978.8,77,66,32.5,26.3,0,SE,SE,4,2,0
02/09/2020,982.6,980.9,81,61,31.8,27,0,SE,SE,2,2,0
03/09/2020,983.5,981.5,82,75,33.6,27.4,0,E,E,2,4,1
04/09/2020,984.3,981.3,100,96,34,24,48.1,C,C,0,0,1
05/09/2020,981.3,978.3,92,78,28,24.3,42.6,C,C,0,0,0
06/09/2020,980,977,92,79,30.5,25,17,C,N,0,2,0
07/09/2020,980.7,978.9,84,56,32,24.6,0,C,W,0,4,0
08/09/2020,980.3,979.2,82,52,35,26.2,0,C,W,0,2,1
09/09/2020,981.7,978.4,78,62,35.7,28.5,0,C,C,0,0,1
10/09/2020,978.9,975.5,75,52,36.1,28.8,0,C,W,0,2,1
11/09/2020,977.8,977.4,75,46,36.2,28.5,0,C,W,0,2,1
12/09/2020,982.2,979.4,78,45,37.5,28.2,0,C,W,0,4,1
13/09/2020,981.7,979.4,72,57,37.4,28.6,0,C,C,0,0,1
14/09/2020,981.2,977.9,69,48,37,29,0,C,C,0,0,1
15/09/2020,980.2,977.3,69,52,38,29.6,0,S,W,2,6,1
16/09/2020,979.9,977.4,69,54,36.2,29.8,0,S,S,2,2,1
17/09/2020,978.9,976.7,57,46,36.3,29.6,0,C,C,0,0,1
18/09/2020,978,976.4,66,51,38,29.8,0,C,C,0,0,1
19/09/2020,978.7,976.4,72,45,38.2,29.4,0,C,W,0,4,1
20/09/2020,979.6,975.8,69,49,38,29.5,0,C,NW,0,4,1
21/09/2020,977.6,975.4,62,41,36.8,27.6,0,C,W,0,2,1
22/09/2020,978.8,975.9,75,45,38,27.3,0,C,C,0,0,1
23/09/2020,978,974.6,64,45,37.7,27.6,0,C,W,0,2,1
24/09/2020,979.7,977.5,65,49,37.5,28.5,0,C,W,0,6,1
25/09/2020,978.7,976.4,68,26,37,27.4,0,C,C,0,0,1
26/09/2020,977.9,977.1,74,48,37.4,26,0,C,C,0,0,1
27/09/2020,981.3,979.6,70,44,36,26.2,0,C,SW,0,2,1
28/09/2020,983.6,981,74,48,36.3,26.2,0,C,W,0,4,1
29/09/2020,983.2,980.6,70,41,35.3,26,0,C,W,0,4,1
30/09/2020,981.8,979.6,60,36,36,25.2,0,C,C,0,0,1
01/10/2020,981,979.2,70,35,35.5,24.8,0,C,W,0,4,1
02/10/2020,981.3,980.6,55,32,36.7,24,0,C,C,0,0,1
03/10/2020,982.4,981.3,59,34,36,23.6,0,C,W,0,4,1
04/10/2020,984.5,981.6,61,27,36.2,23.5,0,C,NW,0,4,1
05/10/2020,984.4,981.3,58,36,35.3,23,0,C,W,0,4,1
06/10/2020,983,981.4,71,32,35.5,22.4,0,C,C,0,0,1
07/10/2020,985.6,983.8,64,35,36.5,22.6,0,C,W,0,2,1
08/10/2020,985.9,984.2,65,36,35.4,22.4,0,C,C,0,0,1
09/10/2020,986.1,984.1,68,33,35.6,23,0,C,W,0,4,1
10/10/2020,985.6,982.4,76,33,35.4,23,0,C,W,0,4,1
11/10/2020,983.8,980,64,29,35.3,22.5,0,C,W,0,4,1
12/10/2020,982.2,978.3,64,33,35.8,22.4,0,C,C,0,0,1
13/10/2020,982.3,981,67,37,36,21.5,0,C,C,0,0,1
14/10/2020,984.7,982.4,67,27,34.8,21.6,0,C,W,0,4,1
15/10/2020,985.4,982.5,66,27,34,20.2,0,C,W,0,4,1
16/10/2020,983.9,982,70,27,34.4,20,0,C,W,0,2,1
17/10/2020,984.8,983.5,66,27,34.3,19.5,0,C,W,0,2,1
18/10/2020,985.2,983.2,65,24,34.3,19.3,0,C,W,0,2,1
19/10/2020,985,983,69,32,33.5,19,0,C,C,0,0,1
20/10/2020,984,982.5,66,32,33.5,19.6,0,C,W,0,2,1
21/10/2020,986.3,983.2,65,36,33.3,17.7,0,C,C,0,0,1
22/10/2020,985.2,981.8,68,28,32.2,18.4,0,C,C,0,0,0
23/10/2020,984.8,981.4,68,40,31.5,16.7,0,C,C,0,0,0
24/10/2020,984.3,982.9,76,42,31.4,16.2,0,C,C,0,0,0
25/10/2020,986.9,985.9,72,48,31.3,16.8,0,C,C,0,0,0
26/10/2020,990.1,987.9,48,31,30.3,17.7,0,C,C,0,0,0
27/10/2020,988.2,986.4,62,25,30.2,15.6,0,C,C,0,0,0
28/10/2020,987.7,987.1,70,31,31.5,15.8,0,C,C,0,0,0
29/10/2020,990,988.6,62,41,30.7,15.5,0,C,C,0,0,0
30/10/2020,990.6,988,71,36,29,16.8,0,C,W,0,4,0
31/10/2020,989,987.7,66,30,29,16.4,0,C,W,0,2,0
01/03/2021,988.5,989.4,78,30,25.7,14,0,C,W,0,6,0
02/03/2021,990.8,987.6,56,29,27,14.5,0,W,W,4,6,0
03/03/2021,988,985.8,65,36,28.3,14.2,0,C,C,0,0,0
04/03/2021,987.9,985.9,71,34,28.3,15.5,0,C,W,0,4,0
05/03/2021,988.2,986.2,71,26,29.4,16,0,W,W,2,2,0
06/03/2021,986.4,984,71,26,30.2,16.5,0,C,NW,0,4,0
07/03/2021,985,983.4,49,54,31,17.8,0,C,SE,0,2,0
08/03/2021,987.1,986.2,63,39,28.2,17,0,N,NW,2,4,0
09/03/2021,988.9,986.3,62,52,28.8,16.5,0,N,N,2,4,0
10/03/2021,988.7,986.3,68,40,30.5,17.5,0,C,NW,0,4,0
11/03/2021,988.7,987.4,58,51,30.4,16.5,0,N,SE,6,6,0
12/03/2021,990.8,991.3,71,57,30.8,17,0,NW,NW,8,10,0
13/03/2021,992.8,990.1,60,33,22.3,14.5,1.6,N,W,4,4,0
14/03/2021,988.9,987.3,76,42,29.2,15.7,0,C,W,0,4,0
15/03/2021,987.9,986.6,63,47,29,17.2,0,C,W,0,4,0
16/03/2021,988.8,986.1,73,35,27.5,18.6,0,C,W,0,4,0
17/03/2021,986.7,985,69,38,30.2,18.7,0,C,W,0,4,0
18/03/2021,987.4,985.7,73,35,31,18.2,0,C,W,0,6,0
19/03/2021,987.9,984.3,56,32,31.3,18.5,0,C,W,0,2,0
20/03/2021,985.8,982.3,61,32,32,19.2,0,C,SW,0,4,0
21/03/2021,983.5,983,56,60,32.2,19.8,0,C,N,0,6,0
22/03/2021,987.6,985.5,76,62,24.5,18.5,2.7,C,W,0,2,0
23/03/2021,987.4,987.3,80,51,26.7,15.2,7,C,SE,0,4,0
24/03/2021,990.8,989.7,75,42,25.8,15.4,0,NW,NW,4,4,0
25/03/2021,989.2,988,67,40,27.6,16,0,C,W,0,6,0
26/03/2021,987.7,984.5,67,35,27.2,16.5,0,C,SW,0,2,0
27/03/2021,985.8,982.8,65,34,30.3,18.6,0,C,W,0,6,0
28/03/2021,982.2,978.9,70,37,32.2,20.5,0,C,C,0,0,0
29/03/2021,977.5,977.2,56,35,34,21.8,0,SE,NW,6,6,1
30/03/2021,976.3,976,63,27,34.2,20.6,0,N,W,2,8,1
31/03/2021,978,977.5,45,11,34.3,19.2,0,W,W,8,8,1
01/04/2021,979,977.2,24,5,32.2,17.2,0,W,W,6,10,0
02/04/2021,980.8,980.8,21,8,31.5,17.5,0,W,W,2,6,0
03/04/2021,985,984.3,38,18,31,15.8,0,N,W,2,6,0
04/04/2021,986,984.3,42,21,33.2,16.2,0,C,NW,0,2,1
05/04/2021,987.7,982.6,52,31,33.4,20.6,0,C,N,0,4,1
06/04/2021,983.9,979.9,51,37,33.2,20.2,0,C,S,0,4,1
07/04/2021,988.2,985.5,81,29,31.8,16.4,1.8,C,W,0,6,0
08/04/2021,985.9,983.8,48,23,31.5,16.5,0,W,N,4,2,0
09/04/2021,986.2,985,40,17,32.2,17.5,0,C,W,0,4,0
10/04/2021,987.3,985.5,51,17,34,20.5,0,C,W,0,4,1
11/04/2021,987.5,985.3,36,18,35.8,20,0,C,C,0,0,1
12/04/2021,988.3,986.4,34,20,36,23.8,0,N,W,4,4,1
13/04/2021,987.3,983.8,45,24,36.2,22.6,0,C,W,0,4,1
14/04/2021,984.2,982.2,38,22,37,23.8,0,W,W,6,4,1
15/04/2021,985.8,983.1,60,28,37.2,22,0,N,N,8,6,1
16/04/2021,983.5,981.2,44,30,32.3,21.8,0.2,W,W,4,6,0
17/04/2021,985.1,984.7,65,60,31.2,19.7,0,N,N,6,6,0
18/04/2021,989,985.6,58,34,30.6,18,0.2,N,C,4,0,0
19/04/2021,985.3,981.5,50,19,33,20.8,0,C,W,0,2,0
20/04/2021,981.5,982.2,45,70,35.2,20.8,0,C,S,0,4,1
21/04/2021,985.5,983.9,77,44,32.6,18.2,0.6,C,NW,0,6,0
22/04/2021,984.6,984.1,64,47,27.5,18,0,E,N,2,4,0
23/04/2021,986.2,985.3,89,41,28.6,13.6,15.7,E,N,4,2,0
24/04/2021,988,985,52,27,27.6,14.8,0,W,W,2,4,0
25/04/2021,986.7,983.5,50,22,32.5,20.1,0,W,W,2,2,0
26/04/2021,984.5,981.1,52,19,36,21.3,0,C,W,0,6,1
27/04/2021,983,980.8,47,19,38,23.2,0,C,C,0,0,1
28/04/2021,984.3,980.7,46,17,39.8,26.3,0,C,C,0,0,1
29/04/2021,983.4,980.5,32,18,40.2,25.8,0,C,SW,0,2,1
30/04/2021,982.8,980.1,44,22,41,25,0,C,SW,0,4,1
01/05/2021,983.5,979.4,36,24,39.4,26.7,0,C,W,0,2,1
02/05/2021,983.3,979.2,38,23,38.7,24.7,0,N,C,2,0,1
03/05/2021,982.2,978,43,26,40,25.8,0,W,SW,4,6,1
04/05/2021,980.3,978.7,52,37,37.7,26,0,C,E,0,8,1
05/05/2021,983.9,980.1,55,31,38.2,23.8,0,N,C,4,0,1
06/05/2021,982.6,982.9,51,32,36.2,25.8,0,N,W,6,6,1
07/05/2021,986,982.9,52,30,35,24.7,0,C,W,0,6,1
08/05/2021,984.9,981.3,55,27,36,22.5,0,N,W,4,4,1
09/05/2021,982.9,978.5,44,28,37.6,25.2,0,E,C,2,0,1
10/05/2021,980.2,975.8,63,31,38.7,23.2,10.2,N,C,4,0,1
11/05/2021,980.5,977.8,55,34,37,24.2,0,E,N,4,4,1
12/05/2021,978.2,973.8,51,39,34.8,24.7,0,C,C,0,0,1
13/05/2021,982.5,979.3,78,51,35.4,20.5,12,C,C,0,0,1
14/05/2021,981.5,977.4,61,35,28.8,20.6,2,C,C,0,0,0
15/05/2021,982.5,979.3,54,24,33.4,22.6,1,C,W,0,6,1
16/05/2021,983.4,980,40,21,37.5,24.7,0,C,W,0,4,1
17/05/2021,983.8,979.7,38,19,38.2,25.2,0,W,W,4,4,1
18/05/2021,980.8,977.8,40,24,39.4,27.4,0,C,S,0,6,1
19/05/2021,980.7,976.6,55,44,40.2,26.3,0,C,S,0,6,1
20/05/2021,978.3,974.8,72,35,33.7,23,5.2,N,S,4,4,1
21/05/2021,980,978.8,54,29,35.7,23.4,0,C,E,0,2,1
22/05/2021,981.9,976.2,55,30,36,26,0,C,C,0,0,1
23/05/2021,982.6,980.8,55,35,38,24.5,0,C,E,0,2,1
24/05/2021,983.7,979.7,44,19,32.3,23,0,W,W,2,6,0
25/05/2021,980.2,975.8,36,17,37.5,24,0,C,W,0,6,1
26/05/2021,977.1,972.9,35,11,39.5,26,0,C,W,0,6,1
27/05/2021,976,973.5,26,18,41.3,27,0,C,W,0,4,1
28/05/2021,976.5,974.1,45,24,43.2,29.5,0,E,C,4,0,1
29/05/2021,977.5,974.7,47,20,42.3,30.4,0,E,SW,2,4,1
30/05/2021,980,975.4,52,36,42.2,26,0,NE,C,4,0,1
31/05/2021,976,972.3,44,25,38.6,28.5,0,SE,C,2,0,1
01/06/2021,981.4,978.1,79,44,41,23.2,6.2,C,C,0,0,1
02/06/2021,980.5,976.9,64,40,32.5,23.7,0,C,C,0,0,0
03/06/2021,982.6,982,60,58,36.3,25,0,NE,C,4,0,1
04/06/2021,982.6,978.5,63,34,30.5,25,0,C,N,0,4,0
05/06/2021,980.8,978.1,47,31,36.7,25.2,0,C,N,0,2,1
06/06/2021,980.8,977.1,55,30,38,28.4,0,C,W,0,2,1
07/06/2021,977.9,973.7,51,28,40,31.2,0,C,SW,0,4,1
08/06/2021,974.5,971.5,46,24,41.7,32,0,SW,SW,6,4,1
09/06/2021,972.2,969.7,47,34,43.2,32.5,0,SW,S,2,4,1
10/06/2021,972.3,969.8,52,32,42.8,31.6,0,SE,SW,4,6,1
11/06/2021,972.7,969.1,52,37,42.7,28.7,0,E,S,4,4,1
12/06/2021,974.2,970.4,56,42,41.5,28.4,0,SE,C,2,0,1
13/06/2021,980.2,973.8,79,49,40.3,21.6,9,N,C,4,0,1
14/06/2021,974.4,971.1,65,40,32.5,22.7,0,C,SE,0,2,0
15/06/2021,971,969.6,59,55,36,27.8,0,C,SE,0,4,1
16/06/2021,974,973.1,66,46,35.5,25.4,0,N,SE,4,4,1
17/06/2021,976.5,974,55,37,34.5,24.7,0,C,C,0,0,1
18/06/2021,976.1,972.8,51,23,36,27.4,0,C,W,0,4,1
19/06/2021,976.2,972.1,60,24,40.2,28.5,0,C,W,0,2,1
20/06/2021,977,973.9,65,40,40.5,26.8,0,SE,SE,4,2,1
21/06/2021,978.7,975.7,50,32,38,26.5,0,C,NW,0,4,1
22/06/2021,977.8,974.8,52,29,38.5,27.4,0,C,S,0,4,1
23/06/2021,977.5,974.2,50,27,40.5,29.3,0,C,C,0,0,1
24/06/2021,976.8,975.3,51,30,42.2,31.8,0,C,S,0,4,1
25/06/2021,976.7,972.2,60,33,37.5,28.6,0,S,SE,4,4,1
26/06/2021,979.1,977.2,64,42,40,25.2,0,C,C,0,0,1
27/06/2021,981.9,978.7,66,29,36,26,2.2,C,W,0,2,1
28/06/2021,979.6,976.6,50,26,39.5,30.2,0,NW,W,4,2,1
29/06/2021,976.8,973,42,23,41.7,31,0,W,S,4,4,1
30/06/2021,973,970.1,41,25,42.4,31.3,0,C,S,0,8,1
01/07/2021,970.3,968.8,49,38,43,32.8,0,SE,SW,2,4,1
02/07/2021,972.3,970.2,50,37,41.5,30.2,0,C,SW,0,4,1
03/07/2021,976.1,973.7,61,46,41.4,25.2,0,C,C,0,0,1
04/07/2021,979.1,974.6,57,36,38.6,28.2,0,S,W,4,4,1
05/07/2021,978.5,976.4,52,60,39.7,27.5,0,E,E,6,8,1
06/07/2021,977.2,973.7,58,32,40.5,31.4,0,C,SW,0,2,1
07/07/2021,975.3,972.6,49,28,40.5,32,0,C,SW,0,4,1
08/07/2021,974.9,971.4,78,38,42.3,27.4,6,C,SW,0,2,1
09/07/2021,976.1,973.7,59,50,40.5,29.2,0,E,SE,4,4,1
10/07/2021,976.3,974,67,62,37.5,30.3,0,C,C,0,0,1
11/07/2021,976.9,974.7,67,70,36.8,30.3,0,C,NE,0,4,1
12/07/2021,978.7,977.7,75,77,36.3,29.2,0,SE,SE,6,4,1
13/07/2021,980.2,976.1,84,65,30.2,22.7,20.2,N,C,4,0,0
14/07/2021,980.1,975.9,78,52,34.2,25.8,0,C,C,0,0,1
15/07/2021,979.7,977.5,78,47,35.5,26.8,0.4,C,E,0,4,1
16/07/2021,981.5,977.2,69,49,36.3,29.6,0,C,C,0,0,1
17/07/2021,979.2,973.6,67,54,37.5,31.2,0,C,C,0,0,1
18/07/2021,972.9,969.6,68,54,38.5,32,0,C,SE,0,2,1
19/07/2021,972.3,971.3,79,67,39.2,29.2,0,SE,SE,4,4,1
20/07/2021,973.6,972.4,100,88,34.5,24.3,26.4,NE,C,2,0,1
21/07/2021,974.2,971.2,96,71,26.5,20,48.2,C,W,0,4,0
22/07/2021,973.1,969.8,85,62,29.5,23.2,0,C,C,0,0,0
23/07/2021,974.5,972.2,82,59,34.3,27.8,0,C,C,0,0,1
24/07/2021,975.5,975.5,73,58,34.8,28.5,0,C,C,0,0,1
25/07/2021,975.4,971.9,70,58,37,31.4,0,C,C,0,0,1
26/07/2021,973.3,971.1,73,79,37,31.4,5.6,C,C,0,0,1
27/07/2021,969.9,967.6,85,73,33,29.2,1.4,C,C,0,0,0
28/07/2021,969.7,971.1,78,84,33.5,28.3,0,C,SE,0,8,1
29/07/2021,972.6,971,96,69,32.2,24,12,C,C,0,0,0
30/07/2021,974.8,973.2,85,61,31.5,25.2,0,C,E,0,4,0
31/07/2021,975.7,974,78,88,33.5,27.6,0,C,NE,0,6,1
01/08/2021,974,970.7,85,78,33.5,26,60.4,C,C,0,0,1
02/08/2021,973.9,971.9,81,77,34.2,27,15.5,C,C,0,0,1
03/08/2021,976.2,972.6,82,74,34,27.4,1,C,C,0,0,1
04/08/2021,977,974,85,62,35.5,27.5,4,C,C,0,0,1
05/08/2021,975.9,972.9,79,58,34.5,27.7,0,C,SE,0,2,1
06/08/2021,975.7,974.8,96,67,36.3,22,36.4,C,C,0,0,1
07/08/2021,977.5,975.9,85,52,32.3,23.2,0,C,W,0,4,0
08/08/2021,979.1,976.6,82,69,36,28.5,0,C,NW,0,4,1
09/08/2021,980.8,976.8,76,54,35.3,25.3,1.2,N,C,10,0,1
10/08/2021,977.1,974.8,75,58,35,25.2,1.6,C,SW,0,4,1
11/08/2021,976.5,975.3,75,53,36.6,29,0,C,SW,0,2,1
12/08/2021,978.1,977,72,52,36.5,28.5,0,C,SW,0,4,1
13/08/2021,976.9,973.8,72,53,37,29.5,0,C,SW,0,4,1
14/08/2021,974.4,973.1,72,46,37.2,29.2,0,C,N,0,4,1
15/08/2021,975.5,975.8,69,61,37,28.8,0,SE,C,4,0,1
16/08/2021,979.9,978.5,72,60,34,27.2,2.2,C,SE,0,2,1
17/08/2021,980.7,977.7,75,46,36.6,29.6,0,C,W,0,4,1
18/08/2021,978.4,975.2,66,37,37.5,29,0,C,W,0,4,1
19/08/2021,976.8,974.2,64,50,38,29.5,0,C,SE,0,2,1
20/08/2021,977.4,977.3,67,87,38.5,29.8,0,C,S,0,6,1
21/08/2021,981.8,981,85,66,37.5,24.3,15.8,C,SE,0,2,1
22/08/2021,982.1,979.9,85,75,32.2,26.4,0,C,NE,0,4,0
23/08/2021,979.9,976.2,81,62,30.5,25.5,0,C,C,0,0,0
24/08/2021,976.7,974.4,75,53,36.2,27.7,0,C,C,0,0,1
25/08/2021,974.3,971.8,72,58,37.2,29.6,0,C,W,0,6,1
26/08/2021,972.7,972.4,72,50,37.7,28.7,0,C,W,0,4,1
27/08/2021,974.5,974.5,72,50,36.5,29.4,0,C,W,0,4,1
28/08/2021,976.9,974.7,71,52,37,27.5,0,C,NW,0,6,1
29/08/2021,977.5,976.3,79,57,36.2,28.4,0,C,N,0,4,1
30/08/2021,982.3,979.5,88,70,37,25.8,0,S,C,2,0,1
31/08/2021,985,981.5,96,56,34,22.4,6.8,C,N,0,4,1
01/09/2021,984.1,980.8,78,77,33.7,22.8,0,C,SE,0,4,1
02/09/2021,981.8,978.8,81,72,34.2,20.7,24,C,C,0,0,1
03/09/2021,979.5,977.6,81,77,33.5,25.5,0,C,C,0,0,1
04/09/2021,979.8,976.7,80,67,33.5,24.6,3.8,C,C,0,0,1
05/09/2021,979.3,977.3,85,59,34.8,26.3,0,C,C,0,0,1
06/09/2021,980.9,978.5,81,52,36.2,28.4,0,C,C,0,0,1
07/09/2021,981.5,978.8,72,73,36.5,28.8,0,C,SE,0,4,1
08/09/2021,981.8,978.7,78,81,35.3,27.3,0,SE,N,4,8,1
09/09/2021,980.2,977.4,78,84,32,26.4,0,C,C,0,0,0
10/09/2021,980.4,978.2,100,96,32.4,24,14.6,N,N,6,4,0
11/09/2021,981.3,979.5,100,92,25.8,22.6,95.9,C,N,0,4,0
12/09/2021,980.3,977.5,91,92,25.5,22,17,C,C,0,0,0
13/09/2021,979.5,976.4,92,75,26,22.5,5.6,C,C,0,0,0
14/09/2021,981.7,979,84,61,30.4,24.7,0,C,C,0,0,0
15/09/2021,983,978.8,81,62,33.5,26.4,0,C,W,0,4,1
16/09/2021,980.3,975.8,75,54,35.4,27.5,0,SW,W,2,4,1
17/09/2021,979.2,978.4,81,67,35.5,25,0,C,C,0,0,1
18/09/2021,982,979.2,77,65,33.2,25.4,0,C,C,0,0,1
19/09/2021,983.6,980.5,85,62,35.2,27,0,C,C,0,0,1
20/09/2021,982.8,978.9,74,62,35,27.6,0,C,C,0,0,1
21/09/2021,981.9,979.1,80,84,35.5,26,0,N,C,4,0,1
22/09/2021,980.8,978.9,80,71,30,24,13.2,C,C,0,0,0
23/09/2021,983.2,981.2,87,77,30.4,23.6,0,N,E,4,4,0
24/09/2021,985.2,981.5,84,61,29.8,23.4,0,C,C,0,0,0
25/09/2021,983.1,979.2,77,61,33,24.7,0,C,W,0,4,0
26/09/2021,982.6,980.2,81,58,34,26.4,0,C,C,0,0,1
27/09/2021,984.3,979.9,85,61,34.5,26,0,C,C,0,0,1
28/09/2021,983.8,981.3,81,61,35.3,27.5,0,C,C,0,0,1
29/09/2021,985.8,982.3,78,76,34.4,26.6,0,C,C,0,0,1
30/09/2021,986.1,982.9,78,75,35.4,26.5,2.4,C,C,0,0,1
01/10/2021,985.1,981.7,85,67,35,26.6,1.6,C,C,0,0,1
02/10/2021,983.6,981.3,100,72,33.3,21.5,46.2,C,W,0,2,1
03/10/2021,982,978.4,84,53,31.5,22.7,0,C,SW,0,2,0
04/10/2021,982,979.1,76,63,35,24,0,N,C,8,0,1
05/10/2021,984.3,982.7,80,58,34,24.3,0,C,C,0,0,1
06/10/2021,985.6,981.9,81,48,34,25.2,0,C,W,0,4,1
07/10/2021,982.6,979.9,77,53,34,24.8,0,C,C,0,0,1
08/10/2021,981.2,980.2,77,51,34.4,24.2,0,C,NW,0,2,1
09/10/2021,981.6,980.8,80,46,35.3,24,0,C,C,0,0,1
10/10/2021,982.4,978.7,80,51,35.8,25.2,0,C,SE,0,4,1
11/10/2021,980.2,979.4,71,44,34.8,22.4,0,C,SE,0,4,1
12/10/2021,980.8,980.9,76,46,33.5,23,0,C,C,0,0,1
13/10/2021,984.1,981.9,65,38,33,22.5,0,C,W,0,2,0
14/10/2021,984.6,981.4,71,34,32.8,21.4,0,C,C,0,0,0
15/10/2021,981.8,979.1,67,32,33.7,20.6,0,C,W,0,4,1
16/10/2021,981.8,980.6,63,40,35.1,20.7,0,C,C,0,0,1
17/10/2021,983,981.5,61,56,34,21,0,C,SE,0,4,1
18/10/2021,983,980.6,76,58,33,22.6,0,NW,C,4,0,0
19/10/2021,983.4,982.1,83,47,30.8,22.6,0,C,SW,0,2,0
20/10/2021,986.4,984.3,67,29,32.2,22.6,0,C,SW,0,4,0
21/10/2021,985.7,983.2,78,31,34.5,19.3,0,C,C,0,0,1
22/10/2021,984.3,982,58,44,34,19.5,0,C,SE,0,4,1
23/10/2021,983.9,985.4,63,72,32,20.7,0,SE,N,4,4,0
24/10/2021,989.6,990,80,66,27.6,16.8,12.3,C,N,0,4,0
25/10/2021,992,989.8,75,47,23,15,0,W,NW,2,2,0
26/10/2021,989.4,987.9,75,39,27,16.4,0,C,W,0,2,0
27/10/2021,992.6,989.3,75,40,27.3,15.8,0,C,NW,0,2,0
28/10/2021,991,990.3,66,38,28.5,15.4,0,C,C,0,0,0
29/10/2021,993.5,991.8,80,33,30,14.8,0,C,W,0,4,0
30/10/2021,993.3,990.2,65,45,30.5,16.8,0,W,C,4,0,0
31/10/2021,990.5,986.6,68,33,30,18,0,C,C,0,0,0
01/03/2022,991.4,990.7,75,39,23.2,12.3,0,C,C,0,0,0
02/03/2022,992.7,990.3,78,42,25,13.7,0,C,W,0,4,0
03/03/2022,991.4,991.2,79,71,25.5,14.7,0,W,C,4,0,0
04/03/2022,993.8,991.7,83,55,18.6,11.6,5.4,C,W,0,4,0
05/03/2022,990.9,988.9,78,43,23.8,12.7,0,C,W,0,2,0
06/03/2022,987.4,987.1,80,54,25.5,14.2,0,C,C,0,0,0
07/03/2022,991.2,990.6,65,43,26.3,15.7,0,N,NW,8,4,0
08/03/2022,991.1,988.8,66,44,26,16.2,0,C,N,0,4,0
09/03/2022,991,987.6,75,36,28.2,15.8,0,C,W,0,6,0
10/03/2022,989.6,986.9,63,38,29,16.5,0,C,W,0,6,0
11/03/2022,989.2,986.9,67,33,28,15.8,0,C,W,0,2,0
12/03/2022,987.2,985.8,64,48,29.5,17.6,0,C,W,0,4,0
13/03/2022,986.5,984.5,73,35,30.5,18,0,C,W,0,6,0
14/03/2022,986,983.9,74,42,32.3,18.7,0,C,C,0,0,0
15/03/2022,985.3,981.3,74,37,33.6,20.2,0,C,NW,0,4,1
16/03/2022,982.3,979.6,67,40,33.3,20.7,0,W,W,4,4,1
17/03/2022,981.6,980.5,51,37,35,21.4,0,C,C,0,0,1
18/03/2022,982.9,980.6,83,55,37,21.5,0,C,E,0,4,1
19/03/2022,982.3,979.2,76,45,33.3,21.5,0,NE,C,2,0,1
20/03/2022,980.6,979.1,79,39,34.2,22,0,C,C,0,0,1
21/03/2022,983.3,982.5,76,40,34.5,22.4,0,C,W,0,4,1
22/03/2022,983.7,981.8,60,30,34.5,22,0,C,SW,0,4,1
23/03/2022,982.8,979.8,64,36,34.2,19.7,0,C,SE,0,4,1
24/03/2022,982.2,980.2,64,24,34.3,21.2,0,N,N,4,4,1
25/03/2022,983.3,982.3,45,27,34.8,20.8,0,C,W,0,6,1
26/03/2022,984.9,981.7,33,27,33.7,20.2,0,W,W,4,6,1
27/03/2022,983.8,982.2,71,22,35.2,20,0,C,C,0,0,1
28/03/2022,983.4,981,60,29,36.3,20.8,0,C,C,0,0,1
29/03/2022,982.1,979.6,61,30,36.2,20.7,0,C,C,0,0,1
30/03/2022,981.4,980.2,55,29,37,20.7,0,C,C,0,0,1
31/03/2022,983.8,982,62,14,36.2,22.8,0,C,W,0,8,1
01/04/2022,982.2,980.6,29,12,36.2,20.2,0,W,W,2,4,1
02/04/2022,983.4,980.7,50,18,37,20,0,C,C,0,0,1
03/04/2022,983.1,981,44,27,37.2,20.6,0,C,N,0,4,1
04/04/2022,982.9,982.6,40,12,36.8,22.5,0,C,W,0,2,1
05/04/2022,986.2,984.8,54,17,37.6,21.6,0,C,W,0,4,1
06/04/2022,987.2,983.3,49,16,38.5,22,0,C,W,0,4,1
07/04/2022,985.5,982.5,55,14,39,22.8,0,C,W,0,6,1
08/04/2022,982.5,979.7,55,15,39.2,22,0,C,C,0,0,1
09/04/2022,981.5,978.9,50,17,40,23.8,0,C,C,0,0,1
10/04/2022,981.3,977.8,35,13,40.8,24,0,C,W,0,4,1
11/04/2022,979.2,976.3,40,15,41.2,23.5,0,C,C,0,0,1
12/04/2022,978.3,975.3,36,18,41.7,25.5,0,C,C,0,0,1
13/04/2022,978.8,976,45,16,40,26.2,0,C,C,0,0,1
14/04/2022,979.3,975.4,36,17,39,24.2,0,C,N,0,2,1
15/04/2022,979.8,976.9,36,19,38.3,22.8,0,N,C,4,0,1
16/04/2022,978.9,976.5,42,16,37,22.2,0,C,C,0,0,1
17/04/2022,980,978.2,45,18,38.2,22.6,0,C,C,0,0,1
18/04/2022,982.5,979.5,38,18,39.2,23.8,0,C,C,0,0,1
19/04/2022,984,981.1,36,19,40.5,28,0,N,C,4,0,1
20/04/2022,982.4,980,31,24,40.5,25,0,W,SW,4,2,1
21/04/2022,982.2,981.5,42,33,38.8,25.8,0,NW,NE,4,6,1
22/04/2022,985,982.2,47,24,36.5,22,0,N,C,4,0,1
23/04/2022,984.5,982.5,46,22,35.5,24.2,0,C,W,0,4,1
24/04/2022,983.1,979.4,31,19,36.8,23.2,0,C,NW,0,4,1
25/04/2022,980.6,978.2,40,23,38,25.2,0,C,C,0,0,1
26/04/2022,982,979.2,36,15,38.5,25.2,0,C,C,0,0,1
27/04/2022,980.6,977.6,32,18,39.5,24.5,0,C,SW,0,4,1
28/04/2022,979.9,977.8,39,18,41.3,25.8,0,C,SE,0,2,1
29/04/2022,981.8,977.7,27,14,42.2,26.9,0,N,W,6,4,1
30/04/2022,977.2,974,34,19,42.5,26.5,0,C,C,0,0,1
01/05/2022,977,972.9,32,27,42.2,27,0,N,C,4,0,1
02/05/2022,976.2,973.1,56,18,41.8,26.8,0,NE,C,4,0,1
03/05/2022,978.9,976.6,44,34,40.6,28.6,0,C,E,0,2,1
04/05/2022,980.9,980.3,46,31,37.5,26.5,0,C,NE,0,2,1
05/05/2022,983.5,979.5,45,20,37,24.2,0,C,W,0,4,1
06/05/2022,982.9,979.4,51,23,37.5,25,0,SE,W,6,4,1
07/05/2022,982.3,978.7,43,23,37.6,24,0,C,C,0,0,1
08/05/2022,979.4,975.3,43,23,40,25.4,0,C,C,0,0,1
09/05/2022,979.2,974.4,48,27,40.8,27,0,SE,C,4,0,1
10/05/2022,980,975.9,41,30,40.8,26.7,0,C,C,0,0,1
11/05/2022,978.2,974.1,47,21,40.5,28.3,0,C,SW,0,4,1
12/05/2022,976,971.5,52,18,42.5,28.5,0,C,C,0,0,1
13/05/2022,974.5,970.8,44,16,44,28,0,C,W,0,6,1
14/05/2022,972.6,971.3,29,12,43.5,29,0,C,SW,0,4,1
15/05/2022,974.2,972.1,30,17,45,27.3,0,C,S,0,4,1
16/05/2022,975,972.5,32,21,45.2,29.8,0,C,SW,0,8,1
17/05/2022,976.4,972.9,40,20,43.5,28.2,0,SE,C,4,0,1
18/05/2022,978.9,975.9,38,23,41.7,27.4,0,C,C,0,0,1
19/05/2022,978.5,973.2,33,21,41.4,27.8,0,C,W,0,4,1
20/05/2022,974.3,970.1,32,21,42.8,28,0,NW,SW,2,6,1
21/05/2022,972.9,969.3,39,19,42,27.2,0,C,W,0,6,1
22/05/2022,970.8,967.6,42,20,42,25.7,0,C,C,0,0,1
23/05/2022,971.3,973,49,36,41,24.5,0,SE,C,12,0,1
24/05/2022,981,980.5,61,42,34.2,21.6,6,NW,C,4,0,1
25/05/2022,982.8,978.7,55,29,31.8,22.2,0,C,S,0,2,0
26/05/2022,979.2,975.5,51,30,36.3,25,0,C,C,0,0,1
27/05/2022,976.1,972.1,39,23,38.2,28.2,0,C,S,0,4,1
28/05/2022,974.5,971.2,38,37,40.5,30.2,0,N,SE,8,4,1
29/05/2022,975.1,971.6,53,26,40.4,25.8,0.4,C,C,0,0,1
30/05/2022,975.9,975.2,40,39,40,28.4,0,W,NE,4,6,1
31/05/2022,977.1,973.7,40,19,36.8,26.3,0,C,C,0,0,1
01/06/2022,977.2,974,44,23,41.5,27,0,C,C,0,0,1
02/06/2022,976.7,975.4,37,19,42.5,28,0,C,NW,0,4,1
03/06/2022,975.3,973.6,31,20,42.2,27.8,0,C,W,0,4,1
04/06/2022,975.7,973.2,34,14,43.8,27.6,0,C,C,0,0,1
05/06/2022,975.3,972.9,35,19,43.5,27.5,0,C,C,0,0,1
06/06/2022,974.6,972.6,35,16,44.5,29.5,0,C,SW,0,6,1
07/06/2022,974.2,972.5,33,14,44.8,31.5,0,C,S,0,4,1
08/06/2022,975.4,970.6,36,18,44.2,31.8,0,C,SW,0,4,1
09/06/2022,972.8,969.7,36,18,44,29.6,0,C,W,0,6,1
10/06/2022,973.6,970.4,34,24,44,29.5,0,C,NW,0,2,1
11/06/2022,973.6,971.7,32,25,43,31,0,C,C,0,0,1
12/06/2022,975.9,972.3,33,28,42.4,29.2,0,C,C,0,0,1
13/06/2022,979,974.4,40,23,42,29.4,0,C,W,0,4,1
14/06/2022,976.5,973.5,52,23,42,30.5,0,SW,SW,8,4,1
15/06/2022,974.7,971,46,27,42.3,30.5,0,S,SW,4,4,1
16/06/2022,975.9,972.4,43,36,42.5,30.4,0,SE,SE,6,6,1
17/06/2022,976.5,974.8,83,46,40.5,22.6,16,NW,E,2,4,1
18/06/2022,977.7,977.2,70,62,34.5,22,40,C,NW,0,8,1
19/06/2022,977.3,975.5,62,48,31.8,22.5,0,C,SE,0,4,0
20/06/2022,975.1,972.3,49,42,34.2,24.8,0,C,C,0,0,1
21/06/2022,974.5,972.7,79,80,35.5,21.2,23.3,N,C,2,0,1
22/06/2022,980,980.1,79,50,28.5,21.5,9.4,C,C,0,0,0
23/06/2022,981.9,978.5,56,33,33.5,24,0,NW,W,8,4,1
24/06/2022,979.3,974.8,55,30,36,25.8,0,C,W,0,4,1
25/06/2022,975.4,973.2,52,25,38,26.5,0,C,S,0,4,1
26/06/2022,977,975.6,55,33,39.3,28.4,0,C,C,0,0,1
27/06/2022,978.7,974.8,64,45,39.2,30,0,C,SE,0,2,1
28/06/2022,975.2,970.1,56,35,39,31.6,0,C,W,0,2,1
29/06/2022,970.5,967.5,60,40,41.8,32.4,0,C,SE,0,4,1
30/06/2022,971.2,971.3,79,69,40.8,28.7,0,NE,SE,6,6,1
01/07/2022,976,973.5,84,72,33.8,25.7,0,E,SE,8,2,1
02/07/2022,975,970.6,78,57,30.5,25.5,3,C,C,0,0,0
03/07/2022,976.5,972.4,75,60,35.5,28.4,0,C,C,0,0,1
04/07/2022,975.9,971.2,76,55,35,28,0,NE,C,2,0,1
05/07/2022,975.4,971.7,67,86,37,30,0,C,C,0,0,1
06/07/2022,976.8,976.9,79,81,38,30,2,C,N,0,4,1
07/07/2022,981.5,975.8,75,49,33.2,25.4,4.4,C,C,0,0,1
08/07/2022,977.8,973.7,76,63,39,29.7,0,C,C,0,0,1
09/07/2022,973.6,971.9,70,75,38.2,31.4,0,C,NE,0,6,1
10/07/2022,976.4,974.6,71,64,35.5,26,1.4,C,E,0,4,1
11/07/2022,977.5,975.4,85,57,34.2,28.5,0,C,C,0,0,1
12/07/2022,975.8,972.7,73,57,35.5,29,0,C,C,0,0,1
13/07/2022,974.2,972,80,84,36.2,29.4,0,C,C,0,0,1
14/07/2022,974.2,973.2,78,100,35,25,18.4,C,E,0,2,1
15/07/2022,979.1,976.3,96,78,31,23.6,44,C,N,0,6,0
16/07/2022,977.8,974.6,75,46,29.5,24.6,7.4,C,C,0,0,0
17/07/2022,980,978.4,84,61,37.4,25.4,1.4,C,N,0,4,1
18/07/2022,979,974.9,75,55,33.7,26.7,0,C,C,0,0,1
19/07/2022,976.2,972.8,70,51,36.5,29.5,0,C,SW,0,4,1
20/07/2022,974.5,972.5,73,65,37.5,31,0,C,SE,0,2,1
21/07/2022,976.1,976.5,100,85,34,23,62,NE,C,6,0,1
22/07/2022,979.9,976.2,92,67,28.5,23.6,8.4,C,C,0,0,0
23/07/2022,978.9,976.5,89,85,34,25.7,0,C,N,0,2,1
24/07/2022,978.9,976.3,81,67,31.5,26,11.8,C,C,0,0,0
25/07/2022,980.2,978.7,78,67,34.8,27.5,0.6,SE,C,4,0,1
26/07/2022,982.5,978.7,82,65,33.6,27.2,0,C,C,0,0,1
27/07/2022,980.9,977.5,78,82,34,27.5,0,SE,N,4,4,1
28/07/2022,980.9,979.1,85,79,34.5,27.7,0,C,N,0,2,1
29/07/2022,979.6,977.8,92,92,32.2,27,0,C,C,0,0,0
30/07/2022,978.7,977.8,92,65,32,25.8,39.4,C,C,0,0,0
31/07/2022,975,972.8,96,82,34,26.2,4,C,SE,0,4,1
01/08/2022,977.4,975.2,84,64,31.5,24.2,10.8,C,W,0,4,0
02/08/2022,975.7,975.3,85,57,34,26.8,0,C,W,0,2,1
03/08/2022,977.3,976.5,79,72,35,29.3,0,C,S,0,2,1
04/08/2022,978.4,978.1,75,65,35.5,27,1,C,C,0,0,1
05/08/2022,978.7,975.5,89,85,35.2,28,0,C,C,0,0,1
06/08/2022,976.8,972.8,81,82,30.8,24.8,2,C,C,0,0,0
07/08/2022,975.5,974.2,85,89,31.2,26.4,28,C,SE,0,6,0
08/08/2022,976.8,974.8,89,57,33.2,26.8,47.6,C,C,0,0,1
09/08/2022,976.2,974.3,82,73,35.5,28.2,0,C,NE,0,4,1
10/08/2022,974.3,971.7,78,51,35.6,27,0,C,C,0,0,1
11/08/2022,976.1,976,79,81,37.5,29.4,0,S,SE,4,4,1
12/08/2022,977.7,973.8,71,48,32.2,27,0,C,NW,0,6,0
13/08/2022,975.9,973.1,69,60,37,28.6,0,C,NE,0,4,1
14/08/2022,977.2,974.7,79,60,37,29.5,0,C,SE,0,4,1
15/08/2022,979.5,979.8,85,92,36.5,26.5,0,C,N,0,6,1
16/08/2022,979,976.2,85,65,31.8,25.8,2.8,C,C,0,0,0
17/08/2022,977.9,976.8,75,67,35.5,27.5,0,SE,SE,6,4,1
18/08/2022,977.9,975.9,75,62,34,27.4,0,C,NE,0,2,1
19/08/2022,977.4,975.2,81,57,35.2,27.2,0,S,NW,4,6,1
20/08/2022,978.7,976.8,78,92,35,27.3,0,C,C,0,0,1
21/08/2022,978.3,975.7,82,57,33.5,26,38,C,W,0,2,1
22/08/2022,975.4,973.9,78,82,35.2,28.5,0,C,SE,0,6,1
23/08/2022,977.2,975.1,79,63,36,28.5,0,C,NW,0,2,1
24/08/2022,981,979.1,78,59,35.5,27.6,0,E,E,2,4,1
25/08/2022,979.9,978.7,85,67,33.5,26.5,4,C,SE,0,2,1
26/08/2022,979.7,977.1,78,70,33.2,27.6,0,C,NW,0,6,1
27/08/2022,978.8,976.9,81,57,34.5,27,0,C,W,0,2,1
28/08/2022,978.1,977,82,69,34.5,27.5,0,C,E,0,4,1
29/08/2022,982,982.1,88,92,35.5,24,71,SW,SE,2,2,1
30/08/2022,983,982.1,88,67,35,26,34.7,C,C,0,0,1
31/08/2022,981.8,978.8,78,50,34.8,27.2,0,C,W,0,2,1
01/09/2022,980.7,978.6,69,52,36.5,29,0,C,W,0,2,1
02/09/2022,982.5,980.4,72,52,36,28.6,0,C,W,0,4,1
03/09/2022,980.4,975.9,75,52,36.2,27.4,0,C,C,0,0,1
04/09/2022,977.7,976,81,62,36.8,27.2,0,E,NE,4,2,1
05/09/2022,979.8,979.9,78,70,34.5,27.8,0,SE,SW,2,6,1
06/09/2022,980.7,981,77,59,32.2,26.2,0,C,C,0,0,0
07/09/2022,983.4,982.4,75,55,34.2,27.8,0,C,C,0,0,1
08/09/2022,983.7,982.7,75,61,36.2,28.8,0,C,C,0,0,1
09/09/2022,983.4,982.3,82,78,34.8,28.8,0.4,C,C,0,0,1
10/09/2022,983.4,980,78,62,35.2,28.5,2,C,N,0,2,1
11/09/2022,981.1,980.2,85,64,35,27.8,0,C,N,0,2,1
12/09/2022,980.7,977.1,80,59,34.2,24.3,0,C,C,0,0,1
13/09/2022,979.5,979.4,77,56,35,25.5,0,C,N,0,2,1
14/09/2022,981,977.8,78,60,35.2,27.7,0,C,C,0,0,1
15/09/2022,979.2,975.7,78,56,34.5,27.8,0,C,W,0,2,1
16/09/2022,977.3,972.9,73,56,35.5,24.2,0,C,C,0,0,1
17/09/2022,976.9,976.7,81,56,34.5,26.2,0,C,W,0,4,1
18/09/2022,981.6,979.8,78,56,34.5,26,0,C,NW,0,2,1
19/09/2022,981.7,979.7,78,62,35.8,27.4,0,C,C,0,0,1
20/09/2022,981.4,979,81,67,35.5,26.5,0,C,NE,0,2,1
21/09/2022,981.9,979.4,78,67,34,26.3,0,C,C,0,0,1
22/09/2022,981.4,979.1,84,53,33.5,25.5,0,C,NW,0,4,1
23/09/2022,980.7,979.1,84,88,35,25,3,C,C,0,0,1
24/09/2022,980.5,978,96,88,31.5,23,16,SE,C,4,0,0
25/09/2022,977.7,980.6,87,77,28,23,1,C,SE,0,2,0
26/09/2022,985.6,983.2,88,60,30.2,22.8,0,C,C,0,0,0
27/09/2022,983.2,981.1,84,77,31.8,24.7,0,C,C,0,0,0
28/09/2022,982.7,980,84,58,32.5,24.5,5,C,C,0,0,0
29/09/2022,982.4,980.2,80,52,33.5,24.7,0,C,C,0,0,1
30/09/2022,982.6,980.6,84,48,34,25.2,0,C,C,0,0,1
01/10/2022,982.2,978.3,84,46,35,25.2,0,C,C,0,0,1
02/10/2022,982.5,980.9,84,34,35.5,25.2,0,C,W,0,4,1
03/10/2022,982.9,982,69,46,36,24.6,0,C,NW,0,2,1
04/10/2022,984,982.9,73,46,35,24.5,0,C,W,0,2,1
05/10/2022,984.3,981,76,35,35.8,25,0,C,C,0,0,1
06/10/2022,984.6,981.9,76,50,36.2,24.4,0,C,C,0,0,1
07/10/2022,986,983.4,80,54,34.5,25.4,0,C,C,0,0,1
08/10/2022,987.6,983.7,84,54,32.4,24.8,0,C,C,0,0,0
09/10/2022,986.6,984.1,84,65,32.6,23.3,0,C,C,0,0,0
10/10/2022,988.4,985.2,83,63,31.2,23.5,0,C,C,0,0,0
11/10/2022,986.4,984.2,83,61,28.8,21.6,0,C,C,0,0,0
12/10/2022,988.7,986.3,73,52,30,18.4,5.4,C,NW,0,2,0
13/10/2022,988.7,987,75,47,31.2,20.8,0,C,C,0,0,0
14/10/2022,988.5,986.3,75,42,32,21,0,C,W,0,2,0
15/10/2022,986.9,984.2,75,40,32,21.2,0,C,W,0,2,0
16/10/2022,988.8,987.6,86,36,32.4,20,0,C,C,0,0,0
17/10/2022,989.2,986.5,71,37,33.5,19.4,0,C,C,0,0,1
18/10/2022,988.1,984.5,58,35,33,19,0,C,C,0,0,0
19/10/2022,987.1,984.5,61,47,33,19.5,0,C,C,0,0,0
20/10/2022,986.5,987.4,74,51,32,20,0,NE,N,6,8,0
21/10/2022,991.5,990.9,64,48,27.5,17.5,0,N,W,4,2,0
22/10/2022,993,991,64,36,30.6,16,0,C,C,0,0,0
23/10/2022,991.9,989.7,76,38,30.6,16,0,C,C,0,0,0
24/10/2022,988.2,984.3,80,40,31.5,16,0,C,C,0,0,0
25/10/2022,984.7,983.6,73,43,31,16.5,0,C,C,0,0,0
26/10/2022,988.2,987.7,81,42,31.5,18,0,C,C,0,0,0
27/10/2022,988.8,988.3,81,36,32.2,17.2,0,C,C,0,0,0
28/10/2022,989.2,987.1,86,41,31,16.8,0,C,C,0,0,0
29/10/2022,989.2,987.9,81,36,32,18.2,0,C,C,0,0,0
30/10/2022,989.8,988.3,81,40,31.5,17.8,0,C,C,0,0,0
31/10/2022,988.8,987,81,40,31.5,18.8,0,C,C,0,0,0
01/03/2023,996.1,994.6,79,53,23.5,16,1,C,W,0,2,0
02/03/2023,996,993.8,76,51,26,15.8,0,C,NW,0,2,0
03/03/2023,996.7,993.9,71,43,27.8,15.6,0,C,W,0,4,0
04/03/2023,995.9,992.7,71,38,27,16.5,0,C,W,0,2,0
05/03/2023,995.9,992.7,71,38,28.5,16.5,0,C,W,0,2,0
06/03/2023,992.1,989.9,71,28,28.5,16.6,0,C,SW,0,4,0
07/03/2023,991.3,990.4,80,37,29.5,16,0,C,W,0,2,0
08/03/2023,990.7,989.6,68,39,29.5,16,0,C,SW,0,4,0
09/03/2023,993,991.1,76,36,30.2,16.2,0,C,W,0,4,0
10/03/2023,991.5,988.9,80,38,30.5,16.2,0,C,SW,0,4,0
11/03/2023,990.9,989,72,34,30.5,16.2,0,C,C,0,0,0
12/03/2023,991.6,990,77,41,31.5,17,0,C,N,0,4,0
13/03/2023,989.6,986.5,77,36,31,17.5,0,C,SW,0,4,0
14/03/2023,987.6,983.4,64,47,31.5,17.5,0,C,SW,0,4,0
15/03/2023,985.2,983.3,77,44,31.5,19,0,C,C,0,0,0
16/03/2023,986.2,984.2,64,44,31.6,18.2,0,C,N,0,6,0
17/03/2023,990.1,988,80,81,31.8,16,10,C,N,0,4,0
18/03/2023,988.9,986.3,80,70,21.3,15.2,0,C,NE,0,4,0
19/03/2023,986.8,982.7,71,58,24,16,0,C,W,0,6,0
20/03/2023,983.9,980.9,81,63,25.5,16.5,0,C,SE,0,4,0
21/03/2023,985.5,982.3,84,50,25,14.6,4,C,SE,0,2,0
22/03/2023,987.2,983.5,76,52,25.3,16,0,C,S,0,4,0
23/03/2023,986,983.3,73,50,26.5,16.2,0,SW,W,4,4,0
24/03/2023,985.2,981.6,81,90,27.5,19,0,SW,SW,4,6,0
25/03/2023,986.2,987.2,89,66,23.5,13.5,45,N,S,4,4,0
26/03/2023,989.2,986.5,79,51,23.8,13.8,0,N,W,4,4,0
27/03/2023,986.5,984.7,71,43,25.5,15.5,0,C,SW,0,2,0
28/03/2023,986.2,984.5,73,42,28,16.6,0,C,C,0,0,0
29/03/2023,986.8,985.1,81,45,29.6,17.2,0,C,N,0,4,0
30/03/2023,986.3,981.8,81,45,30,19.2,0,NE,C,4,0,0
31/03/2023,984,983.5,81,95,29.8,17.3,1,C,NW,0,6,0
01/04/2023,985.5,983.4,90,73,22.2,14.5,57,SE,NW,2,4,0
02/04/2023,985.4,982.6,85,52,22,14.8,0,C,N,0,2,0
03/04/2023,983.8,982.9,90,67,26.2,15.5,8,C,C,0,0,0
04/04/2023,986.4,985.3,85,39,23.7,14.6,2,C,W,0,4,0
05/04/2023,986.6,984.2,68,33,29,16.5,0,C,W,0,4,0
06/04/2023,989.2,988,71,30,30,16,1,C,W,0,2,0
07/04/2023,990.8,989.2,56,21,30.6,17.8,0,NW,W,4,4,0
08/04/2023,990.3,988.7,48,21,32,18.5,0,C,SE,0,2,0
09/04/2023,991.4,987.8,59,23,33,18.8,0,C,SW,0,2,0
10/04/2023,988.2,985.4,66,23,33.3,19,0,C,W,0,4,1
11/04/2023,988.1,985.7,57,26,35.2,21,0,C,SW,0,2,1
12/04/2023,987.8,985.1,55,22,35.4,22.6,0,C,SW,0,4,1
13/04/2023,985.9,982.5,50,19,36.5,22.8,0,C,W,0,4,1
14/04/2023,984.4,981.1,61,17,38,22.5,0,C,W,0,2,1
15/04/2023,983.5,981,49,17,39,22.5,0,C,SW,0,2,1
16/04/2023,982.5,979.6,45,21,39.2,22.8,0,E,N,2,4,1
17/04/2023,982.5,980.7,44,21,39,23,0,N,W,4,4,1
18/04/2023,982.4,983.3,55,31,39,24.6,0,W,SW,12,4,1
19/04/2023,983.4,979.2,64,51,35,21.8,0,NE,NW,4,6,1
20/04/2023,979.7,976.4,52,28,31.8,19.2,0,C,SW,0,2,0
21/04/2023,981.2,980.1,51,28,32.2,18,0,N,NW,6,2,0
22/04/2023,984.9,981.7,53,29,32.2,18.8,0,NW,W,8,2,0
23/04/2023,983.4,982.5,41,26,31,18.5,0,N,C,2,0,0
24/04/2023,985.9,984.4,49,23,33.5,19,0,C,C,0,0,1
25/04/2023,987.2,984.5,49,26,35.4,20.5,0,E,C,2,0,1
26/04/2023,984.6,981.3,49,24,35.3,21.5,0,C,W,0,2,1
27/04/2023,984.2,982,49,27,36.3,22.7,0,N,NE,4,4,1
28/04/2023,985.9,982.8,56,26,33.5,21,0,N,N,2,8,1
29/04/2023,983.3,981.6,44,29,35.5,22,0,C,SW,0,8,1
30/04/2023,982.9,979.3,54,32,36,22,0,C,S,0,4,1
01/05/2023,983.7,981,70,59,31.5,21.5,0,SE,N,4,4,0
02/05/2023,985.7,983.6,75,83,27,19.5,0,SE,N,4,6,0
03/05/2023,986.9,983.5,74,58,27.6,18.9,13,C,C,0,0,0
04/05/2023,986.9,982.7,75,53,30.3,19.2,0,C,SW,0,4,0
05/05/2023,985.9,981.5,74,41,33.5,18.4,17,C,C,0,0,1
06/05/2023,982.7,980,66,41,32.8,22,0,C,SW,0,4,0
07/05/2023,982.3,979,71,38,35,19.2,3,NW,C,6,0,1
08/05/2023,980.4,980,57,33,34.2,22.2,0,N,W,4,6,1
09/05/2023,984.7,983.2,55,27,33.9,21.4,0,C,W,0,4,1
10/05/2023,982.8,980.3,45,24,34.7,21.6,0,W,W,2,4,1
11/05/2023,982.6,981.4,44,18,36.5,22.5,0,C,W,0,4,1
12/05/2023,982.4,980,44,22,39.2,22.5,0,C,C,0,0,1
13/05/2023,981.7,978.4,46,26,40.3,26.8,0,C,C,0,0,1
14/05/2023,979.5,976.7,40,24,41,26.4,0,C,SW,0,2,1
15/05/2023,977.7,976.5,40,24,38.6,24.5,0,N,NE,2,2,1
16/05/2023,980,979.2,48,24,40.3,26.4,0,SW,N,4,8,1
17/05/2023,980.7,979,38,24,39,26.5,0,C,W,0,2,1
18/05/2023,986.5,986,71,38,40,22,2,N,NW,4,2,1
19/05/2023,983.4,980.7,57,26,34.2,23.5,0,C,W,0,6,1
20/05/2023,979.9,977.7,44,19,37.5,25.4,0,C,W,0,4,1
21/05/2023,980.6,979.2,41,16,40.6,26.4,0,C,C,0,0,1
22/05/2023,980.6,978.5,36,29,43.2,27.4,0,C,S,0,2,1
23/05/2023,981.3,978.3,42,27,42.6,31.6,0,C,W,0,4,1
24/05/2023,980.4,978.1,56,43,41.7,25,0,SE,NW,4,2,1
25/05/2023,982.2,980.1,55,49,36.2,22.5,0,SW,E,2,4,1
26/05/2023,984.3,980.9,74,48,30.3,21.8,2,SW,SE,10,2,0
27/05/2023,981,980.6,57,42,32.6,22.3,0,C,SW,0,8,0
28/05/2023,982.5,980,51,30,33.6,24,0,E,C,2,0,1
29/05/2023,985.2,983.3,59,42,37.5,23.8,0,NE,NW,4,4,1
30/05/2023,987.1,983,62,41,33.1,22,0,E,NE,2,2,1
31/05/2023,983.5,982.2,79,83,33.8,20.2,7,C,NE,0,2,1
01/06/2023,983.2,982.2,78,63,25.4,19.6,1,C,S,0,2,0
02/06/2023,983.2,981.1,71,42,29.8,19.4,1,C,NE,0,4,0
03/06/2023,982.9,980.7,63,32,31.8,21.4,0,NE,C,2,0,0
04/06/2023,982.8,979.8,57,25,35.5,25.6,0,E,W,2,4,1
05/06/2023,980.3,977.5,55,36,38.2,25.8,0,W,N,4,2,1
06/06/2023,981.1,978.2,44,32,38,27.7,0,C,SE,0,20,1
07/06/2023,982.4,980,72,38,38.2,22.2,30,E,NE,2,6,1
08/06/2023,980.7,977.1,56,32,34,24.6,0,C,N,0,2,1
09/06/2023,977.9,973.5,52,33,38.8,28.4,0,C,C,0,0,1
10/06/2023,975,970,56,30,40.3,30.6,0,C,C,0,0,1
11/06/2023,977.2,974.1,64,38,41,24,3,C,C,0,0,1
12/06/2023,974.7,972.8,57,41,36.3,27.6,0,C,W,0,2,1
13/06/2023,975.5,972.5,60,36,38.8,31.2,0,C,S,0,6,1
14/06/2023,975.3,973.2,66,49,40.3,27,2,C,SW,0,6,1
15/06/2023,978.7,977.4,87,54,38.6,20.4,71,S,N,8,2,1
16/06/2023,977.6,974.8,69,43,31.6,22.8,1,C,NW,0,2,0
17/06/2023,977.1,973.7,58,42,36.7,26.3,0,C,C,0,0,1
18/06/2023,977.3,973.7,67,40,38.2,28.6,0,C,NE,0,2,1
19/06/2023,977.9,973.8,68,44,39.2,24.2,5,C,NW,0,4,1
20/06/2023,975.6,972.2,64,38,38.6,29.2,0,C,W,0,4,1
21/06/2023,976.1,973.3,61,50,40.1,31,0,S,S,4,6,1
22/06/2023,976,973.2,55,43,39.5,32.6,0,C,W,0,4,1
23/06/2023,976,972.9,57,37,41.2,33.4,0,SW,C,4,0,1
24/06/2023,975.5,972.1,54,37,41.5,32.6,0,NW,S,2,2,1
25/06/2023,974.8,971.8,65,49,41.6,31.4,0,S,E,2,4,1
26/06/2023,981.7,977.3,100,72,40,20.4,162,S,NE,2,2,1
27/06/2023,977.6,974.2,78,62,30.8,22.8,10,C,E,0,4,0
28/06/2023,978.5,976.2,69,56,35.2,26.8,0,SE,NE,2,4,1
29/06/2023,978.3,973.7,79,60,35.8,28.2,0,C,C,0,0,1
30/06/2023,975.7,973.2,75,61,35,29.4,6,C,NE,0,6,1
01/07/2023,976.7,974.5,79,60,34.8,28.2,0,SE,C,4,0,1
02/07/2023,978.1,974.7,61,41,36.2,28.5,0,C,NW,0,4,1
03/07/2023,976.9,972,61,50,38.8,30.4,0,C,S,0,6,1
04/07/2023,974.1,972,66,50,39,25.5,24,C,E,0,4,1
05/07/2023,975.9,974.4,100,84,36.1,23,94,N,NE,8,4,1
06/07/2023,977.2,976.1,78,72,27.5,23.2,60,C,NE,0,6,0
07/07/2023,979,975.3,78,70,30.6,24,11,E,NE,2,2,0
08/07/2023,978.5,977.9,96,92,33.5,23,21,E,NE,4,10,1
09/07/2023,977.1,976,88,78,27,23.5,3,NE,E,4,2,0
10/07/2023,978,976.5,74,67,30.3,24.6,0,NE,E,2,6,0
11/07/2023,978.1,976,78,54,33.2,25.6,0,N,S,2,4,1
12/07/2023,977.6,974,75,60,35.7,28.2,0,C,S,0,2,1
13/07/2023,977,975.2,74,62,36.2,26,0,C,E,0,4,1
14/07/2023,978.2,975.3,79,62,35.1,28.7,0,C,C,0,0,1
15/07/2023,976.5,974.7,79,68,35,29.6,0,NE,C,2,0,1
16/07/2023,977.6,975.7,85,76,34.8,26.5,32,S,NE,2,2,1
17/07/2023,976.7,973.6,82,67,32.2,27.7,0,C,E,0,2,0
18/07/2023,975.9,973.8,79,65,35.8,28.5,0,C,E,0,4,1
19/07/2023,976.4,974.8,82,96,36.2,28.4,0,E,E,2,2,1
20/07/2023,978.2,974.1,85,86,34,26.2,23,C,NW,0,2,1
21/07/2023,977.5,976.7,79,75,36.6,29,8,C,NE,0,6,1
22/07/2023,981.6,980.2,92,85,32.6,26.5,6.8,NW,E,8,4,0
23/07/2023,982.6,978.9,78,57,28.5,24.5,106,C,E,0,2,0
24/07/2023,979.7,976.7,79,78,36,28.2,0,E,E,2,2,1
25/07/2023,978.4,977,84,65,35,26.2,0,C,NE,0,2,1
26/07/2023,979.9,977.3,82,96,34.2,26,0,S,NE,2,2,1
27/07/2023,980.2,976.5,92,73,33.8,25.3,43,NE,SE,2,2,1
28/07/2023,977.2,974.3,85,76,33,26,4,C,C,0,0,0
29/07/2023,976.2,975.6,84,81,34.8,25.8,0,NE,C,2,0,1
30/07/2023,976.6,973.2,85,62,29,23.5,34,C,C,0,0,0
31/07/2023,975.3,973.7,78,57,34,27.7,0,C,W,0,4,1
01/08/2023,973.8,973.1,76,67,35.7,29.2,0,C,W,0,2,1
02/08/2023,974.1,972.7,76,55,36.4,25.6,10,C,SW,0,4,1
03/08/2023,974.8,972.8,85,53,37.4,27.2,0,NE,S,2,2,1
04/08/2023,975.1,975,70,53,36.5,27.8,0,C,S,0,4,1
05/08/2023,979.5,975.6,81,53,37.5,25.6,0,NE,C,2,0,1
06/08/2023,975.8,971.6,72,57,36.5,28.2,0,C,SW,0,4,1
07/08/2023,973.8,970.8,74,60,36.8,28,0,NW,S,8,2,1
08/08/2023,972.8,971.7,72,53,35.5,28.3,0,SE,W,4,4,1
09/08/2023,977.5,975.9,72,62,36.7,28.8,0,E,S,4,4,1
10/08/2023,978.5,977.7,76,67,35.8,29.2,0,C,E,0,2,1
11/08/2023,979.6,978.2,66,53,36.3,28.4,2,SW,W,4,6,1
12/08/2023,977.3,975.8,66,48,37,29.6,0,W,SW,4,4,1
13/08/2023,973.8,972.9,66,51,37.5,29.2,0,S,S,4,4,1
14/08/2023,977.3,977.4,72,61,37,29,0,S,SE,2,6,1
15/08/2023,980.8,978.1,85,63,35.5,26.6,0,C,C,0,0,1
16/08/2023,980.3,978.3,69,53,35.3,28.6,0,C,S,0,4,1
17/08/2023,979.2,976.8,66,55,37.2,29.5,0,C,W,0,2,1
18/08/2023,978.9,978,70,59,37.1,29.5,0,C,S,0,2,1
19/08/2023,979.6,979,73,67,37.5,29.7,0,C,NE,0,2,1
20/08/2023,981.2,978.6,82,67,35.5,27.2,1,C,NE,0,2,1
21/08/2023,979.3,976.3,76,56,36.5,29.6,0,C,NW,0,2,1
22/08/2023,977.2,973.2,70,54,38,30.4,0,S,NW,2,4,1
23/08/2023,973.7,972,67,62,38.5,30.4,0,SW,S,4,6,1
24/08/2023,974.8,972.6,75,65,36.6,27.4,0,SE,E,2,2,1
25/08/2023,974.7,973,82,65,35.8,28.3,11,NE,S,2,4,1
26/08/2023,977.5,975.8,88,54,35,24.2,34,C,N,0,2,1
27/08/2023,977.7,976.3,74,56,34.5,27,0,C,NW,0,4,1
28/08/2023,976.9,976.2,88,59,35,26.2,20,NE,NE,4,2,1
29/08/2023,978.5,978.1,76,56,34.5,25,0,W,SW,4,2,1
30/08/2023,981.7,979.3,71,52,35.1,25.8,0,C,W,0,2,1
31/08/2023,982.3,980.9,66,53,35.9,28.7,0,C,SW,0,2,1
